sourceid,dstid,dow,mean_travel_time
10,950,2,1212.8322999999978
10,889,2,1708.0653999999986
260,145,2,2111.719600000002
260,932,7,1568.2995000000008
41,808,2,1327.235799999999
41,157,7,1648.5996999999986
425,744,7,1497.3087000000003
425,837,3,2241.061099999999
762,584,5,1786.5843000000004
762,237,1,1835.0816999999993
750,942,3,1641.1071999999992
750,849,4,1779.9260999999992
100,494,7,2274.1628
100,931,6,1599.0247000000008
791,762,1,1751.8663000000006
791,331,5,1183.5437000000009
839,346,1,1533.5935000000006
839,62,7,1731.2506999999978
790,782,3,1541.8491999999992
790,85,1,1579.0522
21,235,4,1842.013799999998
21,926,5,1784.929499999999
438,370,2,2221.1689000000006
438,335,5,2222.5126
671,125,3,1567.8169999999989
671,634,5,1745.087300000002
662,505,7,1370.4595999999997
662,476,3,848.3843000000008
690,904,4,2772.236799999999
690,794,6,1715.9983999999997
731,737,7,811.7960000000005
731,374,7,1594.7874000000002
634,202,1,1017.3899999999994
634,62,7,1545.576500000001
429,633,6,1798.7578000000005
429,662,4,1625.2258000000004
675,661,2,1342.988700000001
675,662,7,1138.3786000000005
42,492,3,2093.9462999999987
42,755,3,1411.3817999999999
635,969,7,1442.7132999999992
635,816,3,1777.904
783,212,2,2157.4498000000026
783,851,3,1884.1825999999983
643,268,3,1370.7915000000012
643,32,5,1045.3583000000008
876,679,7,1981.5314999999991
876,907,1,1369.5376
60,606,4,1497.3898
60,474,6,1190.5833999999998
780,941,3,2463.981100000001
780,299,1,1282.7771999999995
469,978,2,2073.963200000002
469,686,6,1629.8072000000009
640,761,1,1461.2556999999997
640,485,7,3407.111700000003
722,322,5,2450.623499999998
722,680,7,1010.6643999999987
845,732,3,1121.7540000000001
845,733,3,1117.4829
226,348,7,1121.769800000001
226,669,5,1983.8039
227,551,2,2083.876400000001
227,849,3,2120.8431
564,207,3,1292.4016999999992
564,425,1,1095.8176999999998
288,665,5,1582.2406999999994
288,144,7,1866.9817000000012
216,21,6,1928.2071000000005
216,307,7,1357.0753000000002
237,233,2,1522.8614999999998
237,238,4,1516.2376999999992
773,98,1,1333.7724999999994
773,638,2,1457.9902
632,81,7,1594.9405000000022
632,239,2,2386.3998000000006
239,210,2,1780.543699999999
239,271,5,1791.0157000000017
673,680,4,1712.1723999999992
673,729,7,839.0076000000003
245,512,4,1799.4709
245,270,1,1298.4990999999993
273,948,7,1547.0644999999993
273,754,7,2055.1547999999984
683,160,5,2025.5780999999997
683,261,5,1964.9507000000006
285,470,2,2165.902100000001
285,397,4,2180.66
70,225,5,1889.9498000000008
70,16,5,1973.8753000000027
238,755,4,2308.965200000003
238,473,4,2323.5643999999998
633,974,7,1478.1483
633,178,7,1507.6532000000013
322,587,1,1386.1361000000004
322,25,6,1599.2469
331,788,1,1441.1395000000007
331,679,7,1913.9813999999997
356,9,7,1738.242399999999
356,862,6,1574.893500000001
255,791,3,1321.5163999999993
255,819,3,1509.0571999999997
326,117,3,1678.9451000000006
326,904,5,1584.978500000002
681,775,6,1972.590400000001
681,501,2,1261.2296999999985
340,367,6,2349.379699999999
340,918,7,1967.7779
682,201,6,1454.6616000000004
682,230,1,1646.3769999999997
153,9,7,1440.9001000000003
153,273,1,1568.542800000001
299,775,4,1307.094100000001
299,307,4,609.5808000000002
342,740,5,2112.947600000001
342,422,4,2329.9470000000015
363,327,7,1970.7782000000004
363,36,1,1637.5657000000006
206,178,1,2097.036799999999
206,64,7,2413.125400000001
248,785,2,1377.5342999999996
248,72,5,1618.584600000001
751,421,7,1565.0976000000012
751,134,4,1543.0950999999989
321,704,7,2099.0039000000006
321,449,5,1976.5509000000006
287,951,6,1288.5747999999996
287,276,1,1040.515899999999
362,575,1,2219.605
362,891,3,1890.7920999999978
71,286,5,1526.3005999999991
71,884,1,2033.2160999999999
672,160,6,1629.2346000000002
672,21,7,1483.553
753,203,7,1578.4003000000012
753,478,7,1309.8543999999995
364,192,7,1644.7912000000006
364,926,7,1970.8655000000006
256,875,7,1790.3989000000001
256,289,3,1447.7895000000008
655,184,2,1706.3549000000007
655,542,2,1179.9214000000002
333,647,3,1342.2567999999994
333,437,3,2311.3603000000016
142,231,3,2160.345499999999
142,529,3,1550.7616000000007
236,346,2,1114.2429
236,744,5,2470.849700000003
415,813,2,2016.5576
415,961,2,2016.9588000000003
587,662,6,1280.0191000000007
587,680,5,1528.4639999999997
328,908,1,1588.9765
328,501,5,1854.3681000000006
644,27,7,861.4686000000008
644,279,4,1428.4359000000002
246,442,1,1982.9144000000001
246,530,1,1790.7454999999993
935,771,7,1632.0402999999992
935,96,1,2107.328
917,483,6,2739.309299999999
917,342,7,1770.6935999999996
530,235,2,2255.7477999999996
530,583,4,1639.242100000002
481,542,3,894.6063999999996
481,732,1,1403.4197999999994
482,934,4,2884.1242
482,677,1,1122.2602
510,635,6,2785.4961999999987
510,517,2,783.1745999999998
937,569,4,2580.914200000001
937,871,1,1951.0191000000011
492,121,3,2067.992600000001
492,980,1,2055.9131
926,474,4,2122.368499999999
926,802,2,1713.2881999999997
295,332,4,1967.8811999999984
295,304,3,588.8017000000003
480,59,5,1821.8482999999999
480,474,2,2494.188299999999
540,471,7,1307.120899999999
540,640,3,2026.486000000001
904,265,4,784.0168999999999
904,759,5,2112.0946999999996
586,564,3,1503.3180999999995
586,475,6,1553.7003999999988
820,227,2,1335.6011000000005
820,893,2,1204.5880999999997
523,526,6,730.3221000000002
523,527,1,564.6541999999995
936,552,6,2801.2831000000033
936,380,6,2084.1146
470,550,7,979.4424999999997
470,899,2,1921.0829000000003
240,214,2,1577.2407999999998
240,591,3,1767.1233000000004
533,215,2,1940.5203
533,211,2,1772.1957000000007
910,771,3,1626.1856999999998
910,980,1,1521.7639
147,374,6,1483.7369999999999
147,667,4,1741.2731000000006
610,171,5,1584.192100000001
610,807,5,1311.6125999999992
437,647,5,1550.1344000000008
437,689,5,1635.4839000000004
830,53,1,1576.2826999999995
830,465,3,1638.897299999999
520,525,4,915.5414000000004
520,509,4,1126.5493999999999
922,898,1,1612.2033
922,399,2,1666.6398000000004
335,376,3,2042.1459999999993
335,924,2,2008.1644000000001
929,321,4,2213.5569000000014
929,215,1,2181.4222000000013
410,464,2,1458.5517999999993
410,374,3,1333.6984000000004
450,506,1,1859.8500000000006
450,883,3,2054.388900000001
500,214,1,2098.691299999999
500,701,3,1419.1116000000009
939,867,5,1983.252300000002
939,880,7,1761.0894000000012
337,353,5,1085.7368999999997
337,467,2,2177.658200000003
289,568,1,2128.3255999999997
289,632,1,1873.7504000000004
934,890,6,1546.4259
934,758,5,1942.7428000000002
889,270,6,890.0089999999996
889,744,5,2042.789100000001
152,259,7,1920.0161000000005
152,408,1,1764.126200000001
195,694,1,1682.3847999999998
195,564,7,1374.7898999999995
51,677,5,1756.7734
51,707,4,1137.9159000000006
43,47,1,808.8092999999997
43,434,2,1971.9271999999994
589,363,2,2638.1047
589,498,3,2347.3064000000018
52,601,2,1401.9441
52,820,6,1649.2036000000014
132,696,3,1880.5803999999991
132,619,3,1517.3209999999985
276,367,7,2293.1991999999987
276,751,1,2423.8158000000017
74,527,5,1271.8633999999993
74,891,2,1322.4193000000005
173,206,1,1711.8736000000013
173,740,3,1898.1969000000013
61,201,6,1194.5066
61,198,3,975.7279000000001
183,750,2,1648.020900000001
183,908,5,1915.5833999999988
23,441,7,1532.1889999999994
23,920,5,1915.8119000000006
180,286,7,1715.6020000000008
180,496,3,1750.9131000000007
22,826,6,787.6523000000002
22,32,4,591.1751999999997
247,923,1,1773.422000000001
247,911,5,1730.099799999999
923,756,1,1720.5789999999997
923,253,7,1911.296200000001
174,480,6,1507.7821000000008
174,954,7,1975.8784999999991
354,207,7,1218.7734999999993
354,103,2,1862.5022000000013
141,87,6,1774.5126999999995
141,271,1,1746.9175000000012
243,261,1,830.7270000000003
243,309,5,1379.6834000000003
64,84,1,1322.463600000002
64,706,4,1085.5689000000007
928,962,2,1468.7106000000003
928,165,3,1866.3328000000015
723,682,7,1125.5069999999992
723,545,6,733.4512999999996
249,815,6,1431.5564000000006
249,333,6,1730.2261000000005
154,911,4,1850.7829999999985
154,738,4,1874.7155000000002
63,703,2,1188.2819000000009
63,833,1,1905.4484999999995
304,110,4,1369.4599999999998
304,351,1,1391.4933999999996
155,903,1,1586.0432999999975
155,322,3,1658.8638999999996
44,47,1,835.1503999999993
44,488,2,2061.797299999999
752,423,5,1739.7056000000002
752,409,6,1460.5218000000004
961,754,6,1723.8226999999993
961,168,5,1327.9063999999998
982,9,1,1808.5260999999998
982,158,2,2311.146399999998
941,604,4,2145.864900000001
941,600,1,1922.6584000000005
73,395,5,1532.9758000000004
73,462,4,1227.1396000000013
943,328,3,1439.9043999999988
943,496,6,2503.4354999999964
915,290,7,1072.6290999999994
915,571,3,2378.9474999999993
371,951,3,2197.1485999999995
371,1,1,2178.3225999999986
930,806,3,1738.6737999999987
930,622,3,1361.4178999999995
933,559,2,2747.6553000000026
933,967,5,1145.3568000000007
932,411,7,1668.6516999999994
932,615,3,1446.910700000001
980,386,7,2205.0673999999985
980,182,7,2258.0445999999984
184,177,3,534.1366
184,133,2,808.3245000000005
353,840,5,1213.0425000000005
353,259,3,1610.3273999999997
211,253,4,1782.9204999999995
211,970,4,1390.9475999999995
925,177,6,1493.3290999999997
925,179,6,1483.2095999999997
14,949,3,2317.9337
14,824,5,1193.5301000000004
538,553,2,606.7211000000005
538,209,2,1523.4323000000006
546,350,4,2511.3421999999987
546,855,7,1841.2177000000001
517,721,5,1628.3446999999994
517,59,4,1256.1336999999996
507,21,1,2066.516699999999
507,335,7,2336.4593000000027
134,569,1,2150.1809999999996
134,156,5,1634.6739000000002
506,102,1,1855.2940999999983
506,109,1,1257.3905999999997
50,376,5,845.9074999999998
50,711,7,1003.7393999999996
921,32,4,1680.3321999999994
921,390,4,1728.7393
981,669,3,1811.292300000001
981,205,7,2197.8805999999986
528,523,6,892.3695
528,509,2,1189.2560999999996
519,6,1,2534.624599999999
519,521,5,822.0761000000007
624,939,6,1469.4148999999995
624,323,7,1806.2298999999996
637,878,1,1959.9604000000013
637,428,3,1519.1167
940,86,1,2118.2447
940,342,5,2221.9693000000007
639,48,5,1626.520899999999
639,911,2,2045.8985000000007
625,652,7,927.4358999999993
625,642,2,1229.7776999999992
931,473,3,2176.9503999999993
931,175,5,1684.8872999999999
537,922,1,2655.061200000002
537,554,4,681.4726000000004
636,142,4,1365.0447000000004
636,950,3,2310.4307000000017
159,415,6,1689.593800000001
159,350,2,2184.6840999999995
138,210,1,2545.903099999999
138,36,1,1542.4466000000002
179,867,5,2346.968100000001
179,412,3,1392.5070999999998
605,185,4,1967.2102999999988
605,372,2,1861.5887999999984
109,669,2,1944.4936999999998
109,207,7,2061.136700000001
158,662,1,1779.3915000000009
158,768,3,1650.7039000000007
638,511,7,1954.7107000000012
638,540,4,1473.048100000001
139,941,1,1771.6205000000014
139,664,3,1816.8774000000003
162,977,6,1317.2283000000014
162,414,2,1728.3776000000007
950,891,3,1611.4901999999995
950,839,6,996.3243999999994
341,632,7,1612.1564
341,523,4,1810.7903
916,888,3,886.6781999999995
916,569,2,2408.1585000000014
758,354,2,2029.5654999999997
758,335,3,2035.7622000000013
798,779,1,1752.4048999999984
798,363,6,1732.5892000000022
964,877,3,1612.210000000001
964,824,1,1406.0341000000005
913,437,1,2485.3546999999976
913,571,6,2421.6307
311,302,3,766.9814999999998
311,100,6,1491.9732999999997
473,476,4,1837.8490999999985
473,56,1,1362.7126999999998
475,202,4,1732.5166000000004
475,471,6,1744.5105999999992
954,283,1,1371.4620000000002
954,606,7,1730.3624999999988
135,131,6,487.01769999999965
135,626,5,1592.166099999999
924,223,4,2272.5400999999993
924,319,7,2023.4425
374,675,7,1479.7644000000003
374,969,5,1903.0626999999988
952,898,6,1531.0532999999998
952,610,6,1507.7397999999996
121,441,2,1704.6182999999996
121,46,3,1140.9823
900,361,6,2067.626000000001
900,275,7,996.9432999999997
379,377,5,1020.4222999999997
379,403,4,1052.1915
223,85,1,1746.7396999999985
223,261,5,1571.8074000000006
270,675,1,2020.2795000000008
270,637,1,1919.3448000000012
242,765,7,2055.7167
242,934,5,1733.8075999999999
66,98,7,1017.8056000000016
66,287,7,1799.9996999999996
18,683,4,1850.2000000000005
18,743,4,2059.897099999999
290,920,3,1735.5054
290,251,1,1023.1917999999995
49,678,3,1790.6253000000006
49,429,5,1127.2489000000007
209,353,5,1275.8884
209,687,3,1545.6252000000002
268,510,5,2224.242200000001
268,157,3,1597.4702000000004
282,468,2,2038.0555000000013
282,245,1,1229.1727
213,687,1,1622.5696000000007
213,150,5,2915.2754999999997
230,77,7,1552.6398
230,352,5,1429.0248999999985
219,213,5,2132.584399999999
219,353,2,1414.9814999999987
366,486,2,2459.367800000002
366,287,6,1538.4862999999998
19,539,4,1327.2939000000003
19,706,6,2098.1541000000025
271,967,3,1229.6928999999996
271,769,6,1473.1187000000002
217,968,4,1485.4909999999995
217,246,7,1662.4239000000002
76,978,7,1848.9724999999996
76,886,6,1721.2817000000002
79,82,2,1192.2211000000007
79,142,7,1546.2159999999994
403,95,5,931.2890000000002
403,566,5,1481.3055000000002
442,333,5,2188.6529000000005
442,921,6,2166.3882999999996
515,74,7,1301.6152000000004
515,292,3,2538.610800000003
103,387,1,886.6037000000001
103,524,2,1934.1730000000018
407,2,3,2352.9879999999985
407,58,1,796.6392999999998
524,940,2,2281.499700000002
524,83,6,1199.3362000000002
551,918,2,2417.4923000000013
551,770,3,2199.2753000000007
291,498,2,2235.7589
291,213,5,2364.2575
441,426,1,1078.7472000000002
441,210,3,1891.9281999999994
26,626,2,1212.4055999999996
26,284,3,1166.1674000000007
259,89,3,1326.6737999999996
259,781,4,1766.4020000000007
432,491,6,1653.6129000000003
432,964,3,1973.900700000001
269,813,4,996.1096999999995
269,896,3,1034.196399999999
514,576,4,1967.0533999999998
514,519,3,746.0754999999999
258,451,7,1465.3391000000008
258,255,4,860.5364999999998
434,436,1,1116.2728999999995
434,346,3,2134.3193000000015
266,425,2,2195.041600000002
266,37,6,1565.6136000000008
550,465,4,1186.1325999999995
550,820,3,1959.586700000001
912,938,6,1168.4366999999993
912,965,1,1092.6290999999999
224,688,5,2154.870200000001
224,525,5,1877.859699999999
424,169,3,1444.4862000000003
424,801,7,1776.1914999999995
231,543,4,2066.767200000001
231,904,2,1766.0745999999992
505,488,4,1960.7428000000011
505,896,2,2034.1747000000014
120,637,5,1029.6438000000003
120,43,2,1272.8047999999994
534,374,3,1220.743799999999
534,672,7,1162.2424000000012
497,897,1,2009.3543000000002
497,683,7,1142.3479000000011
476,490,2,1759.6672000000008
476,166,1,1995.2644000000003
485,635,7,2462.683400000002
485,934,3,2550.216999999998
914,394,5,2027.0711999999992
914,152,3,2341.801100000001
552,898,5,1879.1906
552,372,6,1529.8132999999998
496,968,4,2624.3771999999985
496,723,4,967.1882
686,535,7,1641.9563999999998
686,874,3,1613.2528
908,151,2,2220.9619000000016
908,456,2,2290.494499999998
414,437,3,1378.5256999999986
414,821,2,2086.2486000000004
768,549,7,2337.228499999998
768,230,2,1710.6336000000003
769,429,4,2085.6799999999985
769,154,3,2159.324499999999
903,858,7,1782.1090000000006
903,832,1,2291.9869
215,285,2,1802.0600000000022
215,663,5,1763.5574000000013
789,981,1,1360.6374000000008
789,495,3,1983.3295
901,234,1,1627.0305999999991
901,99,5,1674.244700000001
264,485,5,2876.8291999999974
264,415,1,1850.2877
355,874,7,1838.6092999999994
355,342,2,1214.4806000000003
573,117,7,1612.0620000000001
573,534,1,1422.4682
436,484,6,2053.517099999999
436,838,6,1920.5686999999991
553,682,4,1124.9849999999994
553,561,6,957.8991000000003
729,790,5,1656.6709000000003
729,720,2,1100.5166000000004
767,372,6,1890.7679999999993
767,207,3,2131.7202000000016
368,150,5,2003.0334000000003
368,181,1,1436.0085999999983
558,543,6,939.7326000000003
558,552,2,1247.3488999999997
369,601,2,1619.0313000000003
369,360,7,2114.277099999999
359,918,3,2083.6513000000014
359,300,6,1447.8159999999996
756,352,3,2071.464300000001
756,2,7,1238.6830999999986
544,663,1,1141.6127999999999
544,819,1,1834.7591
347,788,1,1323.0612000000008
347,871,3,1582.2956999999992
409,950,7,1985.1804000000013
409,359,3,2187.5477999999985
759,243,6,1798.0580999999997
759,519,2,1723.7009999999998
543,167,7,1950.5495999999987
543,839,6,2242.7989999999995
267,153,7,1705.7278000000003
267,325,6,1483.6792000000007
318,629,4,1091.6645000000008
318,242,1,1646.6989000000008
365,816,1,2023.2596999999996
365,763,6,1602.7454000000005
464,432,2,1215.2658
464,289,2,2315.160400000001
578,869,1,1937.4956000000013
578,520,7,1374.4163999999992
779,302,7,936.816599999999
779,355,6,1126.4054999999998
339,695,3,1459.7050000000006
339,663,6,1605.1815999999985
201,538,3,1321.5773000000002
201,654,6,1707.085
319,665,3,1576.4699999999993
319,958,1,1349.4669999999999
577,689,6,1884.9649999999997
577,915,6,1717.0755999999994
225,577,4,1913.9870000000008
225,845,3,1422.9470000000001
478,735,3,1525.9256000000003
478,664,7,1245.0075000000002
748,358,4,2170.6885999999995
748,847,6,1962.3767999999993
597,128,7,1094.6332999999993
597,273,3,1920.4870000000012
367,140,7,1479.4538
367,436,3,1531.8100000000004
426,563,5,1290.6884999999993
426,701,3,1664.3991000000005
542,189,7,1660.9157999999995
542,977,5,2336.387100000001
218,352,2,1375.2910999999988
218,866,3,1211.2132
740,246,6,2313.5923000000007
740,396,3,1665.0840000000014
700,194,7,1325.4424000000001
700,189,5,1248.881300000001
377,934,6,2101.5975000000017
377,100,6,1253.4298999999996
317,231,5,2223.1525000000006
317,285,2,995.3629000000005
711,372,1,1780.4187999999995
711,198,7,1043.2873000000004
919,508,4,1731.7309999999989
919,286,2,1201.4823000000006
720,370,6,2193.678299999999
720,865,3,1473.160600000001
309,338,6,2185.566499999998
309,771,5,1607.0740999999991
702,367,3,2873.0367999999976
702,427,1,954.4586000000002
54,472,1,1490.6930999999997
54,187,3,1223.5469000000003
53,60,7,657.5836999999998
53,501,6,1499.0088000000014
539,730,7,1115.2063000000007
539,54,6,1422.5270999999987
739,55,1,1566.4387
739,469,5,1389.1725999999999
742,58,2,1374.7925999999998
742,490,6,1347.7963999999995
902,633,2,1536.6664000000005
902,105,1,1498.3306
746,288,7,2026.356800000002
746,680,6,2146.4703000000004
6,892,2,1533.4511999999986
6,394,5,1842.2093999999988
4,485,7,2952.9179000000004
4,965,1,1378.1666999999989
733,535,2,2045.6957000000007
733,541,7,1689.9021999999995
444,242,5,2498.809599999999
444,101,2,1627.3320999999985
232,686,3,1956.077800000001
232,203,1,2101.9444
629,923,5,1841.6941000000006
629,391,3,981.7813999999989
627,567,6,1861.1439999999996
627,326,7,1886.976699999999
608,11,4,1378.6242999999981
608,903,1,1510.7608999999998
749,592,7,1669.461199999999
749,557,5,1887.8102999999992
336,424,5,2243.059400000001
336,361,6,1817.2748999999985
583,511,2,1457.2766000000001
583,343,4,1754.930599999999
292,508,3,2389.2302000000013
292,38,3,1423.4389
458,398,5,1441.0720999999994
458,759,3,1502.9099999999996
757,819,7,1896.9126000000003
757,881,6,1341.9436
327,212,3,2125.7526000000007
327,669,7,1739.804199999999
599,956,4,2119.477299999998
599,941,6,1627.8853000000006
513,238,3,2179.5725000000007
513,788,3,2050.1874999999995
474,754,5,1451.226000000001
474,976,5,2493.8424999999997
376,151,5,2176.0383000000006
376,276,5,1970.1294999999996
501,966,4,2705.2821999999996
501,760,5,1477.8232000000003
92,397,4,873.7949999999997
92,482,7,2813.9729
93,246,4,1877.9160000000013
93,379,5,1162.453599999999
205,913,2,1909.0289999999993
205,647,3,1611.3946000000005
91,908,2,1652.559400000001
91,102,5,864.1978
94,325,1,1831.4894999999983
94,885,3,1389.1644999999992
430,978,5,1833.925400000001
430,547,2,1024.2489000000012
431,492,4,1559.0433000000003
431,564,4,1256.730500000001
404,628,6,1250.9664000000007
404,387,4,922.7524999999996
416,805,5,1851.9862000000005
416,962,4,1926.9112999999998
406,982,5,1870.6879
406,975,6,1770.6636999999987
95,326,6,1791.5026000000012
95,90,1,1042.6496000000004
556,776,2,2021.8335999999993
556,54,3,1637.8794999999998
428,240,5,2594.4691999999986
428,815,5,1992.3373000000004
408,214,4,2038.354
408,928,3,1839.926200000001
325,46,5,2030.7866000000022
325,426,2,2516.777900000002
412,739,2,1587.0123000000003
412,49,4,1235.0610999999988
726,424,6,1468.9055000000008
726,564,7,1200.6712000000002
495,742,3,1063.6657000000007
495,259,4,2316.5235000000016
842,858,4,1298.3712000000005
842,794,5,1392.6657
841,506,6,1294.325900000001
841,753,7,1442.3561000000007
890,370,1,1930.079300000001
890,131,1,1792.6326999999992
433,532,4,1440.0737
433,486,5,2286.4097
275,373,5,2008.9428999999998
275,325,3,1770.7368000000008
90,201,7,1832.7713000000022
90,762,1,2042.6372000000017
728,727,3,853.6866000000006
728,859,2,1363.936400000002
850,205,4,2171.4274
850,967,2,1710.9844000000003
909,883,5,1366.7775000000004
909,830,7,1969.2734999999984
421,701,3,1609.5606000000002
421,893,7,1688.5146999999995
349,978,2,1943.9803000000006
349,221,5,1224.5342000000005
870,261,5,1218.5733
870,73,3,1742.3296000000005
579,363,4,2612.2202999999986
579,980,2,1614.9110999999998
859,340,2,1697.222799999999
859,722,4,1139.8451000000005
869,224,2,1147.6774999999998
869,964,6,1383.2173000000005
310,296,2,1151.5045
310,285,2,981.5998000000005
898,135,6,2012.314600000001
898,542,7,2648.4493999999977
878,94,6,1278.3701999999996
878,679,6,2012.3892999999987
747,155,5,1131.429499999999
747,160,4,1219.3492999999994
253,518,5,1830.8602999999994
253,484,1,2855.8782000000006
899,837,5,1799.2130999999997
899,373,4,2319.2161000000006
868,19,5,1810.5095999999983
868,929,1,851.4000999999996
882,335,6,1744.7901000000006
882,115,6,1586.7663
557,669,3,1003.3667999999993
557,573,5,1199.1595
832,326,5,1300.8926999999983
832,542,6,1728.7926000000004
2,233,1,1522.0096999999985
2,787,2,1511.272800000001
3,327,4,2601.2478999999976
3,248,4,1646.9145999999982
338,937,7,1932.8071999999984
338,767,6,1875.4895
566,41,3,1667.9694000000004
566,610,6,1277.4703000000006
435,667,4,1589.3999000000008
435,727,1,1417.1707000000001
301,311,3,514.1967000000001
301,8,7,1266.4578999999994
300,799,3,807.9769999999999
300,304,6,679.7598999999996
838,881,1,1712.8294000000005
838,74,2,1797.6266000000005
867,682,7,1776.9021999999995
867,271,2,885.7676000000001
357,114,7,2150.2741000000024
357,209,2,932.7368999999989
375,429,1,1178.7941000000008
375,126,3,1553.029500000001
320,174,4,1633.4759
320,870,3,1905.5337999999992
405,406,2,1085.0494
405,63,5,1186.4537
861,796,2,1800.6048999999998
861,427,5,2164.870899999998
358,103,5,2241.4931000000015
358,693,7,1412.2051999999994
395,96,1,817.7591999999993
395,38,4,1312.9554999999996
826,35,3,917.4038
826,741,4,1357.5722
847,152,4,1893.9988000000005
847,813,6,1621.0139999999994
467,898,5,1841.0756999999994
467,276,7,2212.3641000000016
837,139,4,1586.7959000000005
837,208,4,2319.423399999999
568,288,4,1946.7212999999995
568,179,7,1436.4808000000005
836,361,7,1921.7547000000015
836,331,1,1286.451299999999
493,967,1,2482.575799999999
493,769,6,1772.6775000000007
819,682,5,1656.7005999999985
819,224,7,1540.0086
646,508,3,2579.2624000000023
646,90,2,1557.0479000000012
498,836,3,1741.7668999999994
498,138,4,2246.4275000000002
858,892,5,1585.9777999999985
858,8,4,1224.0330999999994
647,484,5,2747.7753000000016
647,292,5,1863.247900000001
905,581,1,1593.031600000001
905,978,5,1266.0317999999993
808,99,5,1579.967100000001
808,130,2,1624.067399999999
244,317,3,1368.9503000000007
244,318,5,1531.1565000000007
265,596,2,1700.9932000000006
265,544,3,2348.9531000000006
567,609,2,1621.4841000000004
567,838,1,1847.3152000000002
562,674,6,1304.3388000000002
562,554,2,1149.801
561,208,2,1607.7587000000005
561,140,7,1746.6444999999992
286,103,4,1417.1564000000012
286,889,7,932.6789999999994
370,11,5,1356.5711999999996
370,587,3,1721.0235
360,74,7,2280.948399999999
360,795,7,1792.248700000002
20,376,5,1756.3543999999997
20,841,3,890.5858000000004
80,820,1,1735.9303000000011
80,255,6,1602.4510999999986
743,20,1,1648.3686000000016
743,598,1,1752.9307000000001
40,909,5,1474.0211000000002
40,753,4,1519.0568999999998
907,569,5,2371.3659000000002
907,684,6,2079.8444000000013
234,850,3,2268.5442
234,305,4,1423.6972000000003
294,800,4,876.4513999999998
294,577,1,1752.3488000000007
293,161,3,1838.7347000000007
293,111,6,1211.2537999999993
252,969,6,1183.2890999999995
252,77,3,1090.4331999999988
332,442,6,1926.4519000000014
332,781,7,1885.9251999999976
886,890,1,704.6294000000006
886,607,3,1363.7193999999995
879,630,1,1373.6008000000002
879,10,3,971.3068999999992
897,931,6,1286.637499999999
897,916,4,1187.4064999999987
261,9,4,939.9766000000013
261,511,7,1765.280699999999
284,831,6,2069.7747000000004
284,156,1,1837.5335000000011
563,193,4,1441.1211999999987
563,64,1,1528.9635000000007
877,139,1,1484.7277999999997
877,252,6,1886.0816
55,175,7,1167.9177
55,211,5,2262.255200000002
57,744,6,1406.2363
57,428,5,1046.1096000000007
241,919,7,2179.1612000000005
241,299,5,1403.030400000001
619,833,6,1340.5381999999997
619,397,3,1541.9033999999995
15,313,6,1531.5676000000008
15,791,3,1453.3261000000002
11,633,4,1414.8753
11,134,5,1370.3451999999995
38,598,4,1510.3614999999993
38,374,5,1074.6000999999997
214,938,3,1523.9270999999999
214,647,2,1904.9466000000007
47,84,5,971.3679999999993
47,140,6,1218.9470999999992
545,976,2,1916.0042999999998
545,979,7,1773.9494999999997
36,39,2,590.3150000000006
36,640,6,1663.014
372,345,6,2398.4856000000004
372,724,7,1061.7954000000004
17,363,7,2581.3656999999976
17,317,6,1557.7642000000008
58,810,1,1900.6813000000006
58,841,4,1697.7296
59,196,5,1000.8887999999996
59,952,6,1775.6021999999998
296,251,1,1133.1883999999998
296,780,2,1474.103800000001
56,140,4,1370.1649
56,415,4,609.3083999999999
9,484,6,2639.532799999997
9,289,7,1857.3873000000003
78,82,3,1157.0114000000003
78,355,1,1743.2361999999985
760,757,3,1441.9374000000003
760,10,7,1304.7929999999988
7,659,7,1590.5123000000008
7,477,3,1849.9334999999985
77,66,1,1215.5834000000013
77,244,6,1902.5864
813,873,1,1304.3059999999987
813,185,7,1626.7212000000009
701,556,6,1634.9651999999999
701,467,1,1632.6388
833,253,7,2220.4633000000013
833,826,6,817.9362
39,904,7,1086.0485000000006
39,833,5,1326.1285000000003
703,743,6,1160.0459
703,478,2,1299.0711999999999
721,538,1,1170.6268999999984
721,485,4,1449.7161999999998
233,799,2,1342.0601000000001
233,41,5,2734.2627
817,608,5,1556.3325999999993
817,900,5,898.6657999999995
186,750,3,1704.3852000000004
186,469,5,1193.7958000000008
177,960,6,1298.2309999999995
177,187,7,613.2909999999999
413,738,5,1523.9909
413,43,4,1157.4208999999987
189,714,2,885.7999999999989
189,705,4,652.2391000000008
164,745,3,1738.7276000000002
164,566,2,1887.383599999998
822,29,6,814.1673999999996
822,186,7,1599.7332000000001
176,748,1,2026.914300000002
176,147,1,806.2616000000006
167,178,2,527.1564999999999
167,974,2,1186.9000999999996
823,374,4,2011.0028000000023
823,954,1,1391.4258999999997
196,417,3,1253.7957999999994
196,659,6,1684.1335000000013
570,282,4,2002.4341
570,745,2,1499.5263000000004
16,112,2,1537.5665999999997
16,897,2,1578.3485
168,755,7,1349.6544000000015
168,604,2,1621.913400000001
165,638,4,1847.9372000000005
165,947,5,1796.8995999999993
312,528,1,1042.0565000000004
312,214,5,2425.646900000001
185,409,7,1632.5341000000012
185,161,5,1029.4625000000005
178,769,4,2079.2293000000004
178,481,3,1696.075099999999
535,83,6,1478.5670000000005
535,360,6,2297.215100000001
718,782,3,1780.5442000000007
718,686,3,1826.7345
738,232,4,2274.3293999999987
738,18,3,1465.0714
840,910,7,2074.0416
840,203,6,2019.3285000000005
800,344,1,1836.4368000000004
800,347,4,1491.0324000000007
705,152,2,1963.7896000000005
705,124,4,1948.0419999999983
821,551,5,1845.160600000001
821,52,7,1862.6709000000005
708,63,2,1381.506399999999
708,158,5,1531.7525000000003
659,952,6,2420.702100000001
659,723,3,1018.8486000000006
704,474,2,1312.5603999999994
704,63,6,1330.9677
483,980,7,1773.6346999999985
483,272,6,2730.773400000002
334,667,5,1882.6808999999987
334,93,3,2046.467099999999
772,239,5,1708.5461999999998
772,339,6,1704.8683999999982
254,225,5,1589.4227
254,343,4,1569.144099999999
927,913,7,1413.6770999999999
927,40,4,1715.7725999999998
584,903,1,1762.642000000001
584,873,6,1776.0419999999995
251,790,2,1192.3061999999995
251,838,5,1719.1379000000002
854,978,6,1693.2395
854,29,3,1396.7242999999987
793,109,2,1237.8571
793,775,1,1568.3681999999985
918,787,4,1193.9567999999992
918,360,3,2020.9395000000004
831,328,7,998.0483999999992
831,934,2,1575.9154999999996
843,221,1,1382.3841
843,849,3,1639.1290999999997
454,913,3,2280.874900000003
454,142,3,1571.3654000000006
978,860,5,1818.734399999999
978,956,3,2000.3362999999995
977,567,7,1657.2782999999988
977,436,4,1646.8207
471,491,5,1541.518400000001
471,959,5,2589.5221000000006
979,102,3,2270.9574
979,280,7,1787.896799999999
472,117,7,1606.0504999999998
472,500,1,1673.2271999999991
976,714,6,2119.8932999999993
976,741,4,2110.228500000001
678,785,6,1995.5605000000003
678,714,2,1879.7081999999982
667,353,6,1724.2540999999994
667,218,6,1909.940700000002
975,335,3,1451.4694000000004
975,704,5,2107.5556999999994
684,860,6,1387.2106999999992
684,52,4,1878.4115000000006
600,741,2,1445.726500000001
600,411,5,1904.2811999999994
666,207,4,926.1046999999999
666,496,4,1621.0695999999996
668,155,7,1351.8640000000005
668,372,4,1714.2493000000009
677,575,3,1568.2336000000007
677,543,1,1158.5962
694,672,5,1030.3653999999997
694,979,1,1496.3325000000002
696,362,1,1859.7009000000014
696,546,7,1022.8164999999997
427,656,6,1968.217200000002
427,667,6,1485.0231000000013
699,320,7,1626.1525000000006
699,668,2,989.236700000001
511,847,3,1927.5292999999997
511,575,7,1786.050799999999
809,567,6,1792.8652
809,924,1,1161.2956999999988
502,655,1,1948.9880999999996
502,694,2,1689.9644999999996
679,202,1,1237.9300999999994
679,334,7,2285.1308999999983
692,162,7,1711.0310999999995
692,944,4,2456.976000000001
693,892,2,2532.6700999999985
693,371,6,1596.4355999999993
685,158,4,1827.3826000000006
685,970,7,1250.6337999999998
674,896,6,2240.6227999999996
674,209,4,927.0716
771,10,1,1849.0476
771,883,2,1655.839699999999
770,772,1,698.796
770,921,3,1761.4689000000005
126,129,5,510.1004000000001
126,552,3,1873.2787000000008
136,137,6,905.6279999999997
136,568,7,1759.4482999999996
157,877,3,2003.91
157,880,7,1481.778800000001
149,505,6,2446.0786000000003
149,698,6,1493.0216000000003
148,104,2,1593.6394999999993
148,317,2,1551.544499999999
468,478,7,1602.898899999999
468,641,6,1871.1968000000022
197,562,2,1414.0376999999994
197,546,5,1325.2544999999993
119,133,7,618.4341999999997
119,137,3,845.9348
106,161,6,1727.3633000000002
106,470,1,1574.8613000000003
129,150,5,1010.4997000000006
129,328,7,1900.8590000000022
101,16,6,1765.1747000000018
101,290,4,1706.4294000000002
156,48,2,1807.0653000000007
156,230,7,2162.106
592,686,6,1349.8153
592,910,6,1315.7645999999988
137,97,2,1295.9928000000007
137,486,1,2741.359500000003
911,402,3,2023.8442999999993
911,920,4,914.6778999999995
169,820,7,1699.5350000000003
169,499,6,1554.984300000001
582,910,4,1485.0664999999988
582,351,4,1644.961099999999
188,489,7,2064.897299999999
188,271,3,1914.3228000000017
323,704,1,1606.4660000000013
323,92,3,1800.7956000000008
382,395,4,442.1368000000002
382,935,5,1958.9877000000029
187,165,7,820.7844
187,374,7,1110.2915999999996
484,261,6,2663.1422000000025
484,429,4,1939.7577999999992
547,687,7,1429.6025999999983
547,721,6,1400.3962
719,559,4,963.2610999999997
719,587,6,1151.6636999999987
688,752,5,1746.3658000000014
688,252,6,1752.2676000000013
419,679,5,1396.1082000000001
419,490,5,1623.3262999999995
343,108,5,1723.7268
343,333,4,1503.0596000000003
585,241,1,1847.0582999999997
585,939,3,2145.786599999999
512,583,2,1533.4758999999988
512,680,3,1602.856100000001
554,659,1,1292.6755999999998
554,701,1,1684.9077
575,158,1,1696.5666999999999
575,886,5,1788.4316000000003
221,5,1,1658.983500000001
221,228,2,917.2593999999999
208,768,3,1833.9126
208,872,5,1779.9773000000018
803,209,4,2381.7066000000023
803,748,2,1602.4003
802,812,3,564.8518999999998
802,11,6,1325.6070999999984
855,862,5,1000.6876000000002
855,785,6,1476.6424000000002
581,576,3,2437.390300000001
581,442,3,1347.4590000000003
906,87,5,1679.1946000000007
906,290,4,731.4076000000001
856,861,6,1061.0129000000004
856,734,2,676.0962000000009
373,330,4,2316.9715000000006
373,678,6,1561.8088999999998
48,176,5,1032.1840999999995
48,83,6,805.7320999999995
45,415,2,830.3276999999997
45,120,4,1007.6152999999999
857,246,4,1806.3092
857,217,2,2089.0850999999993
792,898,7,1299.5501999999994
792,208,4,2187.786900000001
777,250,1,1039.6411999999991
777,780,7,1434.2362
396,289,7,1740.0966999999991
396,772,1,1358.3447999999996
344,213,3,1373.6069000000002
344,921,3,2056.5414000000014
477,839,4,2721.903700000001
477,492,7,1309.3724000000009
361,201,7,1178.075
361,475,7,1695.6165999999994
207,8,1,1936.6462000000008
207,218,1,1541.9433000000013
5,595,1,1688.5516999999998
5,771,6,1692.9445000000007
829,809,7,928.4917000000007
829,806,7,931.5627000000007
394,285,4,1466.841099999999
394,82,7,1121.9676999999997
235,666,3,1866.1879999999992
235,473,5,2188.2119000000002
849,794,5,1459.1921000000002
849,297,1,1738.5393999999987
887,88,7,1438.8273999999997
887,103,6,1448.2991
381,494,6,1170.3709
381,379,5,882.1141000000002
827,625,6,1091.9951999999994
827,828,7,408.59259999999995
848,978,1,1145.6853000000003
848,348,7,1273.8918000000012
491,971,5,2178.7275
491,63,2,1465.6248999999998
397,335,6,1982.7335
397,631,7,1193.5046000000004
490,939,6,2035.2359999999994
490,551,4,1484.4959999999999
439,532,1,1346.857400000002
439,421,5,976.3500999999997
835,768,7,1593.2465999999995
835,869,7,1107.503
574,238,4,1831.9443999999994
574,287,3,1839.3475999999996
576,868,2,1770.7266
576,82,6,1518.593700000001
313,794,2,1256.640700000001
313,304,7,881.4259000000003
816,29,7,857.4672999999993
816,370,4,2130.5861999999997
451,508,3,1866.536000000001
451,494,7,1426.0074
866,238,5,1679.4225999999994
866,723,6,1190.6407999999997
956,962,6,948.2294999999999
956,829,4,1070.6415000000006
951,958,7,1143.8671000000013
951,557,3,2168.215
210,925,7,2345.2540000000013
210,698,4,1224.3076000000003
536,360,1,2400.306300000002
536,978,2,2439.220600000003
393,285,5,1463.2138999999995
393,762,1,1917.907
598,43,3,1397.4641999999994
598,124,7,1081.9978999999992
250,495,1,2215.820999999998
250,687,3,2136.8518000000004
549,767,1,2336.2110000000002
549,556,3,941.5655000000003
555,732,7,1247.4566999999997
555,665,2,1183.7703999999994
283,326,5,1771.6715
283,834,5,1725.5048000000013
774,337,6,1131.6726
774,291,2,1815.9451000000001
737,497,2,1562.4895
737,979,6,1763.3800999999999
486,291,6,2959.1567000000045
486,967,7,2367.764600000001
489,924,7,2136.4008999999987
489,203,7,1674.4144000000001
775,688,4,1853.3169
775,969,7,1532.329699999999
892,351,3,2002.116700000001
892,819,5,1719.4998999999984
881,976,4,1267.0681999999993
881,79,2,1323.6515999999992
853,798,3,1091.0947
853,344,3,1493.5966000000003
257,484,1,2747.7027000000007
257,871,2,1990.4455999999982
860,859,1,1290.787299999999
860,796,2,1622.7655000000004
400,932,3,1833.4144000000001
400,454,7,1178.3313999999998
548,558,3,816.5881000000003
548,369,2,2925.5675999999994
308,302,6,886.8689000000002
308,228,5,1564.8634999999988
788,115,4,1414.3542000000007
788,304,1,1096.9227
894,524,5,2292.5474
894,408,2,2108.9418000000014
99,873,3,1875.7680000000007
99,876,2,1859.8279
97,324,1,1586.7028999999995
97,331,6,1835.9195000000009
280,442,3,2125.3855000000003
280,546,1,2190.2065
98,254,3,1855.694500000001
98,766,3,1594.7884999999994
786,339,6,1428.127800000001
786,482,2,1941.9166999999995
872,333,5,1684.4748000000004
872,265,2,952.8002000000005
735,362,5,2349.7098000000037
735,331,3,2488.111899999998
203,938,4,1184.4316000000008
203,747,7,1424.0398999999995
893,58,3,1737.901799999999
893,980,7,1389.1515
787,71,5,1507.9077000000007
787,300,3,1134.6521000000005
302,309,1,679.4948000000004
302,523,5,1119.2671
303,330,1,1597.8378000000005
303,80,1,1320.5866999999998
873,178,1,2085.8459000000016
873,556,3,2048.6348999999987
125,363,7,2469.7898999999966
125,748,7,1793.6491000000003
626,28,6,857.6503000000008
626,41,7,1336.9893000000009
127,671,6,1829.0174999999995
127,166,4,920.5486999999995
315,298,5,1184.464800000001
315,355,4,1933.2549999999992
111,772,6,1134.8257999999996
111,521,2,1624.517000000001
871,757,1,2170.7085999999977
871,569,3,2136.583499999999
108,793,4,1499.8290999999992
108,21,5,1903.1738000000018
532,436,7,1047.3944000000001
532,664,2,1617.7146000000002
67,98,3,1176.4062000000017
67,10,6,1548.8122000000003
85,797,7,1915.4097999999983
85,9,1,1785.0910000000001
781,310,1,1194.9141999999993
781,795,2,796.2750999999995
107,237,6,1823.4658999999988
107,339,3,2056.8830999999986
202,124,5,1797.1120000000017
202,254,3,1858.6021999999998
122,328,2,1935.6644999999987
122,368,4,2780.6773999999987
102,619,4,1344.0589000000002
102,898,5,1154.5284999999997
891,931,7,1657.6550999999993
891,66,1,1563.9297000000006
124,186,7,1195.4605000000004
124,325,4,1608.4692000000007
86,340,6,2164.9797000000012
86,950,7,1662.5553000000014
799,313,4,1005.7704000000001
799,217,4,1967.4076000000016
329,599,5,1471.3904999999995
329,3,2,2070.7244999999984
801,230,7,1253.697500000001
801,931,7,1368.781199999999
69,508,3,2447.5585999999994
69,918,2,2077.551200000001
307,305,2,819.9244999999999
307,239,3,1776.0863000000013
128,328,2,2002.5005999999992
128,464,2,1541.5451
761,363,4,1643.9038000000023
761,103,5,1284.5868000000012
104,210,1,2337.4887000000012
104,958,1,1188.0591000000013
569,636,5,1179.1580999999987
569,323,4,1667.7506999999991
88,570,7,1607.2901999999992
88,830,3,1809.9372000000005
278,634,4,1352.525600000001
278,699,7,1947.9409999999991
115,330,1,1782.0846999999985
115,268,4,1612.8143000000002
732,589,7,1194.0514999999998
732,721,2,1152.4164000000003
763,826,5,1427.736499999999
763,387,6,1828.6529999999993
744,207,7,1876.676000000003
744,171,2,852.0725999999999
766,401,5,1805.0043000000003
766,254,2,1388.4679000000006
229,785,3,1415.015600000001
229,364,3,1861.868799999998
222,864,7,1518.5179000000016
222,513,7,1699.2476000000001
875,341,3,1804.7508000000005
875,73,6,1224.222199999999
795,231,4,1203.0179000000014
795,584,4,1565.6060999999993
797,337,7,1517.9178000000015
797,909,5,1450.9203000000002
727,856,1,1307.9722000000022
727,701,6,1309.4885999999997
526,527,5,702.9009000000004
526,291,3,2488.2570000000023
423,202,5,1057.3060000000007
423,964,3,1979.5865000000015
420,139,4,1521.0763000000013
420,820,4,2164.4789000000005
401,317,7,1964.3540999999996
401,21,7,1074.175
725,665,6,957.9933999999998
725,356,3,2588.6857999999997
776,938,6,1792.865799999999
776,74,6,1561.4762
765,636,4,1671.1748000000007
765,88,1,962.7415999999993
968,205,5,1997.1430999999993
968,364,4,2346.0436000000013
949,149,6,1315.7162999999994
949,961,6,935.0550000000004
609,921,3,1890.2131
609,137,6,1569.7693
969,229,7,1440.5643999999998
969,265,5,1223.34
541,174,3,1391.8124000000012
541,702,4,1658.4701
348,495,7,1692.0242999999996
348,239,2,1382.0164000000004
418,702,7,1376.7211999999993
418,556,5,1405.3317999999986
785,969,6,1630.100599999999
785,5,1,2124.242700000001
778,511,4,1540.0899
778,864,1,1745.0910999999996
446,101,7,1242.8536999999994
446,637,3,1706.1290000000006
130,413,3,1152.2109999999996
130,425,7,1190.0908000000002
131,964,1,1037.5305999999991
131,499,2,2315.435800000001
754,675,4,2411.023700000001
754,925,5,1479.5666999999999
525,903,5,2192.185800000002
525,316,4,1109.6841000000004
559,928,5,1930.0883000000003
559,167,6,1865.3303999999991
588,662,1,1322.4469000000006
588,375,3,1766.493
958,543,1,2011.634099999999
958,820,5,1061.1128000000006
967,768,6,1757.765699999998
967,770,3,1688.6428999999982
957,738,4,1692.9253999999992
957,169,3,1256.9855000000011
642,645,3,1284.1704999999995
642,28,7,895.5279000000008
965,166,5,1541.692599999999
965,752,2,1675.869
83,935,1,1867.5270999999993
83,912,3,2289.8574000000012
680,927,5,2450.189699999999
680,292,5,2220.115100000001
938,900,6,1566.5599999999997
938,452,7,1897.2299999999989
966,838,4,831.6786999999993
966,972,5,783.5723999999998
755,142,1,2016.7331999999992
755,215,4,2530.9232000000047
621,277,3,1241.860500000001
621,277,6,1079.3662000000004
46,939,6,1844.9430000000004
46,977,5,1969.4116000000008
204,273,5,1905.8749000000007
204,281,3,1843.7634000000005
499,488,6,1618.7596000000017
499,470,3,1425.7261999999987
297,299,7,894.8661000000003
297,840,3,963.0981000000008
596,358,1,1853.7312
596,495,2,2680.9374
620,950,3,2279.7073000000005
620,14,5,1636.9077
89,292,1,1962.7515999999998
89,90,2,1120.9448000000004
815,631,3,1684.820599999999
815,556,6,1926.2012999999997
145,908,4,1774.9247000000003
145,96,1,1134.853400000001
812,892,3,999.7502999999997
812,172,7,1547.2053999999991
161,437,2,1621.1881
161,244,7,1875.590100000001
171,146,7,929.3804000000013
171,797,5,2250.4204000000004
724,338,4,2689.2704999999964
724,863,3,1314.9109000000012
487,213,7,1740.1135000000008
487,861,2,1773.7004000000009
172,360,3,1880.9296999999997
172,692,1,1925.8092
465,164,5,1326.0940000000005
465,211,3,1732.548299999999
160,289,2,1622.8945000000003
160,415,3,1496.3533000000002
580,640,2,2019.624100000001
580,109,2,717.7199000000005
463,448,7,872.3475999999998
463,452,1,1036.2342000000003
518,461,2,1092.3014999999994
518,766,6,2507.586900000002
652,3,6,1988.8333999999998
652,649,1,1278.5252999999998
653,932,4,2289.3234000000007
653,889,3,2304.6522999999984
660,517,4,1710.7093000000002
660,663,4,495.1952000000003
81,21,2,2096.0436
81,758,4,1832.605100000001
661,499,5,1557.6250999999993
661,735,7,955.0462000000003
460,457,2,895.2693
460,461,7,721.1164999999997
494,51,7,1430.97
494,920,2,2290.4342000000006
140,722,1,1486.7737000000002
140,855,6,2733.1534
144,445,1,1399.1561
144,754,6,1177.7018000000003
220,847,1,1529.7054999999998
220,861,3,1027.2067000000002
962,233,6,2107.0178999999976
962,812,1,1917.0581000000009
863,209,4,2179.2832
863,208,3,2208.011499999998
862,342,7,1725.5452000000014
862,206,4,2312.5400999999974
864,225,3,1137.5378999999994
864,848,7,1674.232099999999
84,674,5,2180.5101999999997
84,596,1,1670.1652000000001
880,901,1,697.5847000000005
880,949,6,1210.3775999999998
874,964,2,1324.8020999999997
874,508,5,1905.9589999999987
1,806,3,950.0338000000002
1,26,4,1386.6955000000007
509,459,7,892.0205999999998
509,252,7,1937.7681000000002
399,75,4,1059.4110999999998
399,914,2,2016.3920000000005
62,979,2,2321.941600000001
62,146,3,1247.4602999999981
650,270,6,1309.6805999999988
650,10,7,1414.1716999999992
622,613,4,1771.8595000000007
622,755,3,1783.6406000000006
34,938,6,1827.076399999999
34,939,1,1916.1833999999983
330,982,2,1881.3213000000012
330,99,1,2253.4520000000007
262,931,3,1687.3767
262,365,2,1899.2610999999988
316,256,5,2178.2786000000024
316,585,5,1422.0871
181,154,7,1052.3722000000012
181,473,7,1321.4537999999998
72,245,3,1630.339
72,364,3,2625.8900999999996
782,784,2,1340.2160000000006
782,156,1,1954.5615000000007
794,669,5,1833.2748000000004
794,335,6,1586.3831000000002
663,535,2,1613.1429
663,719,1,1295.8319000000001
146,326,6,1869.6739000000018
146,752,7,1332.6287999999995
665,664,2,807.4416
665,441,5,1325.006899999999
953,517,5,2104.9665
953,125,1,1258.7197999999992
114,976,3,1477.397999999999
114,482,7,2730.836
973,774,6,1925.285099999999
973,369,6,2204.4917
603,465,3,2152.7415999999994
603,952,7,2039.4527000000007
959,894,5,1764.1151999999995
959,22,1,1474.6184
105,918,7,1859.7584000000002
105,630,7,1728.148400000002
151,891,4,1781.1328999999987
151,632,2,1381.8485999999998
974,695,7,2058.56
974,416,4,1718.7941000000003
970,551,1,1557.165099999999
970,747,6,1865.183099999999
422,741,5,1472.1855000000007
422,535,6,1256.6418
884,511,1,1862.4868
884,796,7,1235.8921000000005
35,321,2,1564.1791000000005
35,31,6,541.5985
110,5,5,1975.1449000000002
110,331,4,1763.1119
37,370,6,2191.841499999999
37,958,1,1356.1945000000007
298,968,5,1608.1086999999998
298,363,6,2437.408900000001
944,119,4,1498.0776000000003
944,118,2,1520.097799999999
123,148,3,994.7128999999996
123,744,4,1692.4565999999998
971,19,3,1563.0303
971,224,4,1840.9231999999981
133,703,1,1382.7302999999997
133,501,1,2399.3905
851,251,6,2188.1965999999993
851,860,5,658.0574999999997
606,491,5,2533.3350999999993
606,359,2,1811.4248
601,599,6,1349.538800000001
601,435,4,2082.3417000000004
741,366,5,2045.6960000000015
741,50,2,1660.5196000000008
883,365,5,1951.8581000000004
883,318,5,1607.4945999999993
805,751,4,1737.2608000000005
805,942,2,1061.9833000000008
804,26,3,1012.0585999999994
804,830,2,1190.8869999999997
796,932,7,1901.6297999999997
796,788,6,1493.4759000000004
824,133,6,1794.2680000000016
824,951,4,1578.5391999999995
784,688,2,1848.5357999999992
784,689,1,1886.6741999999995
844,971,4,1266.6100999999992
844,858,6,734.6015000000007
717,563,5,1072.8673999999994
717,495,5,1313.1004999999984
716,560,5,1131.239099999999
716,662,6,959.3777000000003
920,130,4,1735.2053
920,169,3,1939.7370000000017
411,48,6,1148.3006999999996
411,61,7,1026.9685999999995
448,6,3,2313.6878000000024
448,638,5,1581.5576000000015
697,327,5,2267.1762
697,269,1,2035.3419999999987
378,257,4,2401.3268999999987
378,365,7,2085.1901999999986
645,621,5,909.8265000000007
645,566,5,1384.2768000000003
488,36,1,1793.6018000000008
488,221,3,1926.4156000000012
664,675,7,1023.9452999999993
664,375,3,1617.4006999999997
116,611,3,935.1664000000002
116,409,1,1340.6659999999995
745,472,5,1386.5272999999997
745,977,4,1839.7073000000007
695,675,7,899.9248
695,418,6,1072.9920000000002
118,121,5,1070.279399999999
118,183,6,1283.030599999999
691,977,6,1145.7222000000004
691,679,1,1469.9252999999994
212,635,5,2001.563200000001
212,20,7,2007.1745000000003
945,744,5,2019.3439999999996
945,180,6,1397.207699999999
885,906,7,1797.0021
885,108,3,1632.608
163,181,7,836.5232999999998
163,833,5,1922.6116000000015
27,890,6,1347.6058000000003
27,891,2,1545.8278999999998
96,803,3,1266.1294999999989
96,481,4,2297.2
392,396,4,338.55589999999967
392,397,6,433.0624999999998
391,291,6,2038.2160000000013
391,393,4,344.4175999999996
28,328,6,1708.6553000000006
28,29,4,418.1173000000004
623,37,3,1353.3315
623,622,6,487.57720000000006
565,659,3,1294.1672999999996
565,567,5,1061.9595000000004
595,857,4,1654.6101
595,371,3,1945.3789999999988
29,933,3,1913.3728999999983
29,641,3,1031.8608
613,644,2,1435.4998999999987
613,623,1,576.1356999999996
281,134,1,1662.1902000000005
281,267,6,1454.435400000001
641,476,6,2062.0456000000004
641,277,2,1172.2121999999995
670,493,3,1874.348000000001
670,606,4,1982.5857999999998
707,137,5,1999.553900000001
707,490,6,1288.1376999999986
615,25,2,1015.7923999999991
615,614,3,1691.638900000001
630,936,5,1458.0177999999994
630,628,5,741.8633999999993
191,56,7,1111.395599999999
191,533,2,1622.1073000000013
194,659,4,1972.864100000002
194,49,4,1205.6282999999999
604,271,7,1918.6557000000018
604,164,4,1573.4764999999993
896,818,3,1212.0081
896,959,1,1355.6888999999992
654,949,1,2611.4939999999997
654,283,1,1154.411
417,674,5,1422.5093
417,204,5,2146.1931999999997
182,133,2,770.6022000000005
182,53,7,1188.1497999999995
611,132,4,2045.4436999999996
611,951,3,2102.966299999999
709,323,1,2585.886999999997
709,29,2,1076.4551000000004
175,356,6,1854.5349000000008
175,171,5,538.5210999999998
443,395,2,1000.672300000001
443,98,7,1362.9700999999998
166,671,2,1711.4849
166,704,1,1319.1799000000005
150,958,2,1138.3689999999995
150,941,7,1285.9236999999998
279,130,6,1339.2909000000009
279,891,7,1141.3286999999993
806,185,3,1694.2876
806,882,7,1182.3758000000003
571,936,2,1248.0693999999985
571,137,4,1657.004600000001
846,966,2,1544.1361
846,481,6,1503.9543000000003
807,266,2,801.7213000000006
807,753,1,1738.6636
13,829,4,1108.0617000000004
13,622,7,1416.6862000000006
447,394,7,1291.8027999999988
447,914,3,2332.128000000003
572,792,7,1564.118699999999
572,975,2,1478.694899999999
306,786,7,1295.8697000000006
306,690,4,1996.9551999999996
955,1,6,1289.5106999999996
955,812,7,1434.1861999999999
594,415,5,1615.4392999999989
594,552,5,1531.1784999999998
33,231,3,1853.9572999999984
33,869,7,1361.0146
12,937,5,1745.8108999999988
12,136,7,1500.1076999999993
31,322,3,1689.880600000001
31,10,4,1458.188399999999
818,154,4,1498.8267000000005
818,372,3,2114.3385000000017
828,930,4,1596.1921999999995
828,826,7,419.07529999999997
350,327,4,1814.6979999999999
350,867,7,1674.3861000000004
30,923,3,2110.135800000001
30,896,4,1156.9253000000008
730,7,2,1663.0571000000002
730,680,2,1765.8528000000003
764,528,6,1725.712599999999
764,934,3,1757.5215000000007
351,852,1,1556.652900000001
351,976,1,1845.2619000000004
346,336,1,1267.4198
346,857,1,1346.8771
616,600,4,1499.5209000000011
616,167,1,1593.0435000000007
389,384,5,454.7839999999997
389,902,6,1715.0300999999993
810,816,6,544.7748999999997
810,814,7,545.6737
649,614,6,1472.3715999999995
649,265,7,1337.3568000000012
888,415,5,1500.9679000000006
888,14,5,1519.0615999999986
117,45,1,1303.9175999999998
117,131,2,495.94589999999994
24,38,6,518.3886
24,651,4,1054.1721
25,626,6,1087.8164
25,802,1,1243.1568999999995
531,114,4,1130.6241000000016
531,507,1,1812.6980999999992
669,168,3,1012.4523000000002
669,248,5,1765.4326000000015
658,51,1,1861.2266000000004
658,726,1,848.1013000000005
698,556,7,1358.2271999999994
698,752,2,1352.2535999999996
689,69,2,1560.1140000000003
689,585,3,1414.749300000001
617,642,2,1284.052399999999
617,614,7,1674.4975000000015
508,287,2,2481.1481000000017
508,442,6,1184.0680000000002
825,610,4,1184.0819999999992
825,269,4,715.7246000000002
452,142,5,1600.6964000000007
452,96,5,1483.523899999999
453,446,4,753.2384999999999
453,514,6,1328.0328000000009
190,50,2,1204.7630999999997
190,707,4,429.20570000000015
710,474,7,1458.8835000000004
710,208,5,2068.5612999999976
457,878,2,2144.1792
457,68,6,1134.173000000001
449,257,6,1939.2596000000003
449,66,7,1024.1474000000003
960,51,4,1787.6915000000017
960,364,3,2481.331
466,156,5,1872.5049000000013
466,467,7,858.5136
455,773,7,1507.2322000000004
455,99,4,1459.7883999999995
352,7,4,1991.5550999999984
352,287,4,1632.3155999999997
687,851,1,1791.0721000000005
687,918,6,2537.8884000000007
272,517,6,1840.0153999999989
272,894,5,1197.3150999999991
440,134,5,1676.8640000000007
440,489,1,1960.782000000002
345,493,2,1859.4897000000005
345,473,2,2244.886
736,559,3,1933.4578999999992
736,435,7,1900.3772999999983
714,537,6,1169.4623999999988
714,838,6,1831.3265000000006
65,590,2,1488.8525000000002
65,741,3,1482.0223000000015
68,506,1,3288.4753000000037
68,131,7,825.4984999999989
75,88,2,1310.9306000000015
75,940,6,1692.2293000000009
87,323,4,2102.7960999999996
87,879,6,1905.8157000000012
734,647,3,1768.125700000001
734,849,1,1598.7428999999995
590,433,2,1360.6918999999982
590,210,1,1489.8163
82,771,2,1412.8904999999995
82,240,7,1976.9873999999995
942,318,7,2059.4592000000016
942,755,7,1841.854100000001
593,681,1,1390.7027999999991
593,821,4,1556.8682999999996
445,507,2,1829.0128
445,507,5,1773.3189000000002
591,356,2,1869.357099999999
591,843,4,1742.8274999999985
199,556,5,1424.4546000000003
199,820,3,2340.9065999999984
618,950,7,1846.6085000000007
618,768,7,1925.5583999999983
170,330,5,1619.7294000000004
170,742,6,2043.0755000000001
193,656,1,2184.2075000000023
193,673,2,2038.0237000000013
192,49,5,1326.6423999999993
192,475,3,1510.6809999999996
462,508,7,1463.143200000001
462,78,7,1444.138
32,573,5,1818.2493999999995
32,264,4,910.8589999999994
628,395,1,877.5253999999992
628,327,7,1895.4015999999988
228,784,4,1439.5242000000007
228,214,5,1693.3076999999996
602,569,4,1829.508299999999
602,633,2,1356.5325999999995
529,109,6,1492.8171999999995
529,309,2,1346.9899999999989
713,196,2,982.3551999999995
713,499,4,2145.008699999998
456,100,5,1574.6873
456,81,5,1158.4781000000003
865,158,1,1928.7736000000007
865,481,2,1863.5619999999994
852,157,6,1809.3673000000003
852,360,3,1580.9853000000005
631,762,6,1960.6658000000002
631,894,5,1653.1985000000006
648,932,6,1966.2947000000006
648,641,1,1110.3390999999997
560,705,4,1519.6693000000012
560,249,7,2229.946500000001
516,789,7,1642.2712999999985
516,312,3,1252.2334000000008
811,941,3,988.5235000000002
811,768,5,1784.5817000000004
277,599,5,1562.3801
277,608,3,1636.7824000000005
274,832,3,1498.8385
274,813,1,939.9145999999996
972,161,1,1640.2947999999983
972,341,7,1106.9491000000007
305,529,6,989.9630000000006
305,311,5,539.8854999999998
324,92,4,1903.0500999999997
324,156,2,1171.6336000000008
380,756,6,1782.3759999999997
380,886,3,1684.5382999999983
314,330,6,1813.537699999999
314,778,6,1794.9892999999988
0,664,7,1766.368099999999
0,204,7,1813.674500000001
947,949,1,1485.0826000000013
947,180,6,1352.037099999999
656,723,3,898.2577000000008
656,360,2,1786.849199999999
143,242,6,2196.8904000000034
143,388,4,1093.0599999999995
8,483,6,2618.472099999997
8,853,7,1099.1937000000005
113,795,3,1612.2339999999995
113,899,1,1538.6544999999992
715,700,5,1427.5294999999999
715,199,4,1140.5909000000001
112,327,1,1968.4106999999983
112,337,3,2050.1936
384,379,5,915.9381
384,399,5,648.0081000000006
895,92,2,1761.1091000000001
895,374,6,1781.2056999999995
963,747,3,1659.905899999999
963,39,7,1236.5551000000007
946,896,5,1692.3118999999992
946,949,2,1623.238400000001
388,75,7,1189.812599999999
388,873,4,1994.9331999999993
390,912,3,1919.2027000000005
390,914,7,1905.8903
706,974,4,1669.0314
706,502,3,1352.5785000000003
521,107,5,1560.3800999999994
521,76,7,1199.9006999999997
386,403,4,646.4581999999996
386,913,6,1954.4734000000012
385,879,1,1886.4298999999994
385,96,6,932.1065999999995
834,32,6,816.3431999999997
834,279,1,691.4452999999993
527,238,3,2356.1607999999997
527,253,6,1812.0807000000007
614,139,6,1608.0924999999997
614,625,7,377.35189999999943
948,22,3,1310.1308999999997
948,202,6,1524.3961999999985
503,665,4,1251.0966000000003
503,702,2,1649.2310999999993
607,94,5,1542.7877000000008
607,905,2,1463.1150999999993
522,450,5,1154.6067
522,512,5,869.7332999999999
198,208,1,1812.6324000000004
198,191,2,1557.6739000000018
387,607,5,1155.6957000000007
387,932,6,1831.9858000000004
651,650,7,1462.8375999999996
651,2,4,2043.7572000000002
612,328,5,1989.011899999999
612,317,5,1258.5876000000007
676,672,1,1397.2835
676,485,6,1162.3622000000003
402,79,3,871.5247
402,396,4,777.2853
461,391,6,1522.0907999999988
461,402,4,1493.3782000000012
263,364,1,1929.6141999999995
263,827,1,1089.4084999999993
398,73,5,1215.8735999999994
398,494,5,1433.6555999999994
459,494,4,1616.112700000001
459,97,3,1745.0149000000006
383,105,5,1019.5782999999999
383,388,5,488.35670000000033
814,329,3,1181.4714999999983
814,802,2,745.4341999999998
712,718,4,1281.265
712,435,7,1005.1165999999985
200,356,1,1686.5593999999996
200,716,3,895.4185999999992
657,549,5,1094.0068
657,541,1,1029.6160000000004
