sourceid,dstid,dow,mean_travel_time
10,950,2,1274.3025
10,889,2,401.56006
260,145,2,1167.2307
260,932,7,1323.6725
41,808,2,1420.3065
41,157,7,1973.8214
425,744,7,1486.3068
425,837,3,2036.1449
762,584,5,1224.2281
762,237,1,1126.4054
750,942,3,1705.8469
750,849,4,2614.8318
100,494,7,106.43146
100,931,6,1523.9609
791,762,1,1474.7286
791,331,5,1577.3092
839,346,1,988.1199
839,62,7,1964.6755
790,782,3,2197.2664
790,85,1,2362.6755
21,235,4,1095.8027
21,926,5,461.8351
438,370,2,976.59344
438,335,5,2145.814
671,125,3,944.54926
671,634,5,843.52686
662,505,7,2264.5664
662,476,3,883.55835
690,904,4,1965.8735
690,794,6,1140.7292
731,737,7,529.7493
731,374,7,2129.7458
634,202,1,675.72217
634,62,7,1168.3788
429,633,6,1699.8317
429,662,4,1642.5302
675,661,2,490.42905
675,662,7,633.7489
42,492,3,2193.493
42,755,3,2248.2
635,969,7,2689.4722
635,816,3,1513.3573
783,212,2,1852.8833
783,851,3,1311.0037
643,268,3,1966.3983
643,32,5,1326.3458
876,679,7,2360.1292
876,907,1,1034.5975
60,606,4,1357.53
60,474,6,1860.731
780,941,3,2319.4097
780,299,1,959.26935
469,978,2,1111.224
469,686,6,2117.77
640,761,1,2376.3103
640,485,7,1750.4547
722,322,5,3734.0176
722,680,7,2048.0818
845,732,3,1564.9993
845,733,3,1127.253
226,348,7,1492.1486
226,669,5,2094.274
227,551,2,2853.3547
227,849,3,940.2954
564,207,3,1982.2986
564,425,1,1354.3927
288,665,5,2316.0315
288,144,7,1927.5385
216,21,6,2990.1653
216,307,7,1097.3015
237,233,2,380.58258
237,238,4,162.62639
773,98,1,1006.41565
773,638,2,2028.1511
632,81,7,1173.083
632,239,2,1353.1434
239,210,2,1273.113
239,271,5,2048.47
673,680,4,1907.306
673,729,7,1230.6152
245,512,4,1676.9406
245,270,1,2238.0557
273,948,7,657.6996
273,754,7,2053.4277
683,160,5,811.0083
683,261,5,2322.9878
285,470,2,1364.9294
285,397,4,2103.3848
70,225,5,2285.7407
70,16,5,920.20074
238,755,4,1988.6227
238,473,4,2396.9543
633,974,7,1461.1079
633,178,7,713.74945
322,587,1,2507.8306
322,25,6,2210.9404
331,788,1,1257.443
331,679,7,1054.777
356,9,7,1458.9581
356,862,6,2411.6406
255,791,3,284.7661
255,819,3,580.93335
326,117,3,1870.6477
326,904,5,1961.5104
681,775,6,1045.2555
681,501,2,1420.7357
340,367,6,2773.3083
340,918,7,1734.8955
682,201,6,2124.1418
682,230,1,1756.385
153,9,7,1676.9489
153,273,1,1574.2344
299,775,4,989.4193
299,307,4,435.5
342,740,5,2291.3223
342,422,4,2001.2761
363,327,7,1526.9792
363,36,1,2209.821
206,178,1,2615.8108
206,64,7,654.7314
248,785,2,1462.9554
248,72,5,1739.3088
751,421,7,2480.5398
751,134,4,1336.1273
321,704,7,1700.3899
321,449,5,2234.4614
287,951,6,2152.272
287,276,1,2376.378
362,575,1,1743.226
362,891,3,2198.04
71,286,5,1558.9365
71,884,1,842.14685
672,160,6,2080.0957
672,21,7,3218.5422
753,203,7,314.51086
753,478,7,2854.1802
364,192,7,2065.9468
364,926,7,1181.7368
256,875,7,1409.011
256,289,3,1920.2806
655,184,2,2586.6648
655,542,2,1770.7448
333,647,3,1137.8783
333,437,3,1727.3545
142,231,3,1947.6743
142,529,3,1581.1974
236,346,2,1215.4045
236,744,5,2396.7163
415,813,2,1872.0852
415,961,2,1610.4897
587,662,6,1040.6674
587,680,5,1223.2659
328,908,1,1848.3234
328,501,5,2037.7968
644,27,7,409.574
644,279,4,1509.9144
246,442,1,1487.5177
246,530,1,2605.5125
935,771,7,1520.1742
935,96,1,1112.5197
917,483,6,2592.7266
917,342,7,1566.5387
530,235,2,2614.1653
530,583,4,1786.4581
481,542,3,952.1579
481,732,1,2610.7957
482,934,4,2631.641
482,677,1,931.0492
510,635,6,1497.046
510,517,2,731.0042
937,569,4,1347.0432
937,871,1,657.6137
492,121,3,1529.2532
492,980,1,1267.7422
926,474,4,3171.7822
926,802,2,1973.3865
295,332,4,2100.2856
295,304,3,392.69138
480,59,5,3358.7925
480,474,2,673.9996
540,471,7,2317.7888
540,640,3,2025.6074
904,265,4,1769.4249
904,759,5,1388.9125
586,564,3,1115.0155
586,475,6,975.5176
820,227,2,2194.5295
820,893,2,891.4086
523,526,6,527.9668
523,527,1,248.80634
936,552,6,2396.406
936,380,6,2285.563
470,550,7,2035.2332
470,899,2,1538.1982
240,214,2,1021.35266
240,591,3,2393.4119
533,215,2,1912.0492
533,211,2,2020.5988
910,771,3,1382.7418
910,980,1,1142.3246
147,374,6,1489.9934
147,667,4,2566.2585
610,171,5,1567.0757
610,807,5,1256.5042
437,647,5,1348.6083
437,689,5,1821.9417
830,53,1,2816.4448
830,465,3,2180.7695
520,525,4,1065.9774
520,509,4,520.88904
922,898,1,997.777
922,399,2,3073.6558
335,376,3,2222.152
335,924,2,2226.1936
929,321,4,293.9162
929,215,1,2397.7644
410,464,2,1674.6552
410,374,3,1587.0223
450,506,1,1672.4357
450,883,3,1465.5935
500,214,1,1789.7343
500,701,3,2037.3428
939,867,5,1541.0087
939,880,7,1184.9303
337,353,5,852.38074
337,467,2,1702.2399
289,568,1,1667.4717
289,632,1,896.9578
934,890,6,744.8503
934,758,5,1833.3313
889,270,6,235.00429
889,744,5,1688.1458
152,259,7,1874.777
152,408,1,2165.4392
195,694,1,500.29608
195,564,7,883.9647
51,677,5,2229.9106
51,707,4,1729.4056
43,47,1,503.346
43,434,2,1299.1384
589,363,2,1401.0151
589,498,3,1048.3699
52,601,2,1644.3293
52,820,6,1831.8694
132,696,3,1919.2996
132,619,3,2636.2292
276,367,7,2286.9805
276,751,1,2153.0508
74,527,5,1466.2367
74,891,2,2034.3961
173,206,1,2229.602
173,740,3,781.3135
61,201,6,1860.0974
61,198,3,1212.0616
183,750,2,934.13416
183,908,5,2175.1592
23,441,7,2690.7334
23,920,5,2109.0408
180,286,7,1809.0914
180,496,3,2686.4812
22,826,6,927.9526
22,32,4,794.59503
247,923,1,2502.6306
247,911,5,1235.1478
923,756,1,1993.9325
923,253,7,2267.4521
174,480,6,2641.636
174,954,7,1203.925
354,207,7,2105.186
354,103,2,2162.6196
141,87,6,353.14435
141,271,1,565.0349
243,261,1,989.3658
243,309,5,1744.4315
64,84,1,778.6911
64,706,4,1598.4585
928,962,2,1552.5344
928,165,3,1855.4744
723,682,7,1342.0913
723,545,6,978.6633
249,815,6,2939.4504
249,333,6,1322.3041
154,911,4,1641.9982
154,738,4,1342.1038
63,703,2,1448.7649
63,833,1,2325.811
304,110,4,1064.6825
304,351,1,1626.8007
155,903,1,1123.9773
155,322,3,792.8608
44,47,1,97.89377
44,488,2,1749.9336
752,423,5,1854.3107
752,409,6,2028.1434
961,754,6,1581.2411
961,168,5,1190.8959
982,9,1,1201.817
982,158,2,1412.933
941,604,4,2649.5342
941,600,1,2830.238
73,395,5,1545.3479
73,462,4,1262.4465
943,328,3,1378.7162
943,496,6,2685.17
915,290,7,633.6628
915,571,3,1946.9261
371,951,3,2451.786
371,1,1,2938.2803
930,806,3,1575.9205
930,622,3,2741.3745
933,559,2,2404.8616
933,967,5,2184.2158
932,411,7,2470.6626
932,615,3,2327.7356
980,386,7,2683.922
980,182,7,2415.3962
184,177,3,780.19165
184,133,2,966.8244
353,840,5,1409.1229
353,259,3,1902.5848
211,253,4,1887.4585
211,970,4,1385.9696
925,177,6,1833.666
925,179,6,1445.9841
14,949,3,832.01154
14,824,5,994.13055
538,553,2,680.3345
538,209,2,1914.1685
546,350,4,2096.3057
546,855,7,1441.1641
517,721,5,2584.9026
517,59,4,1620.2333
507,21,1,3675.6794
507,335,7,1714.6921
134,569,1,1285.3055
134,156,5,1716.4625
506,102,1,1875.4288
506,109,1,469.92743
50,376,5,1535.6208
50,711,7,1154.7294
921,32,4,2009.5344
921,390,4,2721.1155
981,669,3,1326.7559
981,205,7,1333.64
528,523,6,375.81934
528,509,2,1356.9459
519,6,1,1839.3392
519,521,5,148.99861
624,939,6,2636.571
624,323,7,2406.3215
637,878,1,1466.8364
637,428,3,1947.3492
940,86,1,1553.0339
940,342,5,1898.6832
639,48,5,1977.0317
639,911,2,1877.5856
625,652,7,620.47217
625,642,2,931.3575
931,473,3,2175.2869
931,175,5,1856.348
537,922,1,2052.4531
537,554,4,348.83286
636,142,4,2004.8118
636,950,3,1047.7374
159,415,6,1607.2396
159,350,2,2234.8765
138,210,1,2533.6501
138,36,1,1831.9332
179,867,5,2607.329
179,412,3,1679.0486
605,185,4,1690.8988
605,372,2,1751.577
109,669,2,2871.6897
109,207,7,2469.794
158,662,1,1576.6697
158,768,3,1989.9327
638,511,7,2104.471
638,540,4,3504.4773
139,941,1,1813.9899
139,664,3,1680.3285
162,977,6,2180.8303
162,414,2,1864.82
950,891,3,2142.9731
950,839,6,2263.6333
341,632,7,1862.4065
341,523,4,1699.5552
916,888,3,2241.1729
916,569,2,2008.8232
758,354,2,1727.2626
758,335,3,2091.2803
798,779,1,627.23035
798,363,6,2278.4102
964,877,3,1969.5215
964,824,1,893.3507
913,437,1,2330.942
913,571,6,1895.8258
311,302,3,398.08984
311,100,6,2511.5461
473,476,4,3033.1577
473,56,1,1273.4222
475,202,4,2879.1675
475,471,6,2197.3855
954,283,1,1516.7903
954,606,7,1369.9253
135,131,6,147.17609
135,626,5,2344.112
924,223,4,3087.1306
924,319,7,807.1131
374,675,7,2054.0293
374,969,5,2085.2002
952,898,6,1912.2926
952,610,6,1089.4019
121,441,2,2285.7715
121,46,3,661.9472
900,361,6,1893.5587
900,275,7,1913.2994
379,377,5,212.0943
379,403,4,985.52875
223,85,1,2590.7722
223,261,5,2361.3345
270,675,1,3128.2473
270,637,1,1039.4247
242,765,7,1859.933
242,934,5,1939.4381
66,98,7,746.49884
66,287,7,1963.8866
18,683,4,1253.6235
18,743,4,1927.5742
290,920,3,1812.6613
290,251,1,621.54297
49,678,3,2002.7347
49,429,5,1393.4999
209,353,5,1799.0706
209,687,3,730.17633
268,510,5,2662.3801
268,157,3,1452.9836
282,468,2,2236.249
282,245,1,1951.765
213,687,1,676.5272
213,150,5,2244.7744
230,77,7,1777.909
230,352,5,1884.3914
219,213,5,2637.7178
219,353,2,1727.863
366,486,2,1140.9633
366,287,6,2127.3616
19,539,4,2132.502
19,706,6,1811.9773
271,967,3,2723.4111
271,769,6,2687.4302
217,968,4,1098.3298
217,246,7,1908.503
76,978,7,2448.1404
76,886,6,882.7767
79,82,2,1526.6499
79,142,7,957.5625
403,95,5,896.90857
403,566,5,1989.336
442,333,5,2116.2175
442,921,6,2518.533
515,74,7,1104.5062
515,292,3,1580.8298
103,387,1,1222.5564
103,524,2,2253.2495
407,2,3,834.87366
407,58,1,2709.235
524,940,2,1275.8701
524,83,6,1027.947
551,918,2,2080.5234
551,770,3,2511.4028
291,498,2,3120.2434
291,213,5,1979.6893
441,426,1,646.0174
441,210,3,1662.1167
26,626,2,497.0994
26,284,3,480.06616
259,89,3,1744.8595
259,781,4,1730.637
432,491,6,1314.3757
432,964,3,2148.168
269,813,4,681.1188
269,896,3,1125.9702
514,576,4,1273.7947
514,519,3,320.71344
258,451,7,1132.3485
258,255,4,1577.052
434,436,1,764.82837
434,346,3,1774.6826
266,425,2,2832.249
266,37,6,444.90616
550,465,4,2015.3568
550,820,3,1459.1151
912,938,6,1490.8506
912,965,1,1802.9126
224,688,5,1591.6339
224,525,5,1330.7245
424,169,3,1844.4331
424,801,7,2002.5948
231,543,4,2318.0447
231,904,2,1028.6852
505,488,4,1115.262
505,896,2,2047.797
120,637,5,1345.7777
120,43,2,1236.5514
534,374,3,1575.8453
534,672,7,783.0244
497,897,1,2622.405
497,683,7,1092.6672
476,490,2,2296.386
476,166,1,3499.2603
485,635,7,2777.2568
485,934,3,3529.4314
914,394,5,1808.5028
914,152,3,1778.2762
552,898,5,2322.2708
552,372,6,1353.7938
496,968,4,573.93616
496,723,4,871.9164
686,535,7,2151.2473
686,874,3,2181.8547
908,151,2,1833.9668
908,456,2,2534.6533
414,437,3,1248.0126
414,821,2,2362.0479
768,549,7,2194.628
768,230,2,979.6948
769,429,4,696.0993
769,154,3,2125.7163
903,858,7,2564.343
903,832,1,2363.5818
215,285,2,1305.1041
215,663,5,2935.2617
789,981,1,1804.9487
789,495,3,1753.8633
901,234,1,1289.7024
901,99,5,1488.7714
264,485,5,3073.0864
264,415,1,2133.737
355,874,7,1897.745
355,342,2,1271.4563
573,117,7,2203.9377
573,534,1,2557.66
436,484,6,2117.1206
436,838,6,1492.8153
553,682,4,1026.9255
553,561,6,1049.7711
729,790,5,1407.0411
729,720,2,680.1944
767,372,6,2103.2158
767,207,3,1396.3136
368,150,5,1322.7742
368,181,1,902.6391
558,543,6,590.7201
558,552,2,1088.3729
369,601,2,2593.066
369,360,7,1545.9818
359,918,3,1533.6868
359,300,6,2449.4692
756,352,3,2074.3877
756,2,7,1216.52
544,663,1,1419.8937
544,819,1,2593.017
347,788,1,1091.8693
347,871,3,2034.7277
409,950,7,1988.2648
409,359,3,2432.8652
759,243,6,1513.7015
759,519,2,1751.5701
543,167,7,2000.8032
543,839,6,1925.6027
267,153,7,1353.6812
267,325,6,1045.809
318,629,4,1827.3632
318,242,1,2037.8981
365,816,1,2516.577
365,763,6,1721.0803
464,432,2,1252.9719
464,289,2,2051.2441
578,869,1,1682.3727
578,520,7,1122.5421
779,302,7,1083.9702
779,355,6,518.7722
339,695,3,2191.9492
339,663,6,2435.5823
201,538,3,2307.2712
201,654,6,2122.8154
319,665,3,2725.5085
319,958,1,898.2412
577,689,6,1527.4497
577,915,6,1367.5835
225,577,4,1969.3219
225,845,3,1366.8569
478,735,3,1072.8389
478,664,7,1919.4724
748,358,4,1004.9801
748,847,6,2080.962
597,128,7,913.14453
597,273,3,1592.057
367,140,7,1115.6769
367,436,3,989.6892
426,563,5,585.73596
426,701,3,648.9438
542,189,7,1197.0453
542,977,5,1844.4324
218,352,2,1762.7632
218,866,3,529.1947
740,246,6,2424.492
740,396,3,3333.6458
700,194,7,1098.3954
700,189,5,639.4459
377,934,6,1527.2837
377,100,6,1229.9723
317,231,5,1654.061
317,285,2,1479.3647
711,372,1,1715.0942
711,198,7,970.09375
919,508,4,1750.7375
919,286,2,1206.5596
720,370,6,2299.8806
720,865,3,1039.5698
309,338,6,2395.9333
309,771,5,1704.8135
702,367,3,1552.0487
702,427,1,687.1526
54,472,1,1949.1953
54,187,3,1817.5834
53,60,7,554.6072
53,501,6,1721.2008
539,730,7,1298.5586
539,54,6,1622.9115
739,55,1,1066.3314
739,469,5,672.11633
742,58,2,1140.8507
742,490,6,1354.7996
902,633,2,1664.1864
902,105,1,1590.5404
746,288,7,1785.4271
746,680,6,2207.3677
6,892,2,1856.9424
6,394,5,2160.2786
4,485,7,2515.435
4,965,1,1155.7727
733,535,2,1519.7834
733,541,7,1337.0433
444,242,5,2068.5044
444,101,2,1241.3319
232,686,3,1252.0186
232,203,1,1514.2045
629,923,5,1641.8163
629,391,3,926.2495
627,567,6,2652.0464
627,326,7,1914.4393
608,11,4,1316.6202
608,903,1,1550.4716
749,592,7,2522.4258
749,557,5,2678.9163
336,424,5,1941.2981
336,361,6,1275.9639
583,511,2,886.0968
583,343,4,1503.0664
292,508,3,1109.054
292,38,3,2335.9297
458,398,5,1442.0057
458,759,3,1290.511
757,819,7,1642.397
757,881,6,831.472
327,212,3,2214.9563
327,669,7,2642.6697
599,956,4,1554.4948
599,941,6,2037.0295
513,238,3,2061.09
513,788,3,1101.2081
474,754,5,2860.7957
474,976,5,2460.6309
376,151,5,1946.458
376,276,5,2694.8733
501,966,4,1763.251
501,760,5,2344.1907
92,397,4,1095.0121
92,482,7,2581.6655
93,246,4,2099.7703
93,379,5,999.2108
205,913,2,2440.431
205,647,3,716.24854
91,908,2,2220.5007
91,102,5,862.1779
94,325,1,1939.8267
94,885,3,948.6142
430,978,5,2546.9282
430,547,2,731.933
431,492,4,2010.622
431,564,4,1072.3195
404,628,6,1159.0919
404,387,4,744.25366
416,805,5,2799.2385
416,962,4,1993.2303
406,982,5,2406.6306
406,975,6,1617.5123
95,326,6,1866.7627
95,90,1,637.69464
556,776,2,1690.7866
556,54,3,1619.8536
428,240,5,2016.9775
428,815,5,2807.0125
408,214,4,3265.2388
408,928,3,2013.294
325,46,5,2087.1814
325,426,2,3180.4307
412,739,2,1552.6849
412,49,4,842.1882
726,424,6,2140.4353
726,564,7,1636.7909
495,742,3,2411.3816
495,259,4,2620.3372
842,858,4,710.8623
842,794,5,1185.5653
841,506,6,2268.6082
841,753,7,1353.2334
890,370,1,2168.0178
890,131,1,2094.5684
433,532,4,538.6448
433,486,5,1375.2512
275,373,5,2293.8477
275,325,3,892.3871
90,201,7,1796.7655
90,762,1,1701.9846
728,727,3,178.7819
728,859,2,548.2607
850,205,4,1982.5055
850,967,2,1536.6735
909,883,5,1668.6722
909,830,7,2277.0205
421,701,3,428.1637
421,893,7,1524.7966
349,978,2,2008.5481
349,221,5,1198.8995
870,261,5,1079.3976
870,73,3,2099.2874
579,363,4,2272.0525
579,980,2,2127.2168
859,340,2,1740.6371
859,722,4,888.108
869,224,2,1700.7291
869,964,6,2459.4258
310,296,2,708.515
310,285,2,2906.1118
898,135,6,2150.5598
898,542,7,1949.0525
878,94,6,799.8783
878,679,6,2675.7002
747,155,5,1109.863
747,160,4,2106.305
253,518,5,1813.9303
253,484,1,2775.9365
899,837,5,2440.2625
899,373,4,1655.677
868,19,5,1975.7031
868,929,1,1734.1769
882,335,6,2007.8656
882,115,6,1392.7153
557,669,3,747.546
557,573,5,2407.3293
832,326,5,1150.208
832,542,6,2613.7812
2,233,1,1879.7162
2,787,2,2093.6
3,327,4,1270.0836
3,248,4,2269.114
338,937,7,2637.883
338,767,6,568.97437
566,41,3,1516.2638
566,610,6,2036.3931
435,667,4,1014.31274
435,727,1,1651.4314
301,311,3,1070.8875
301,8,7,1390.8704
300,799,3,494.7332
300,304,6,515.03656
838,881,1,2642.8474
838,74,2,2281.892
867,682,7,1252.1152
867,271,2,2537.0945
357,114,7,2881.191
357,209,2,685.57043
375,429,1,153.22304
375,126,3,1517.4487
320,174,4,1782.3378
320,870,3,1871.9352
405,406,2,223.65305
405,63,5,391.6067
861,796,2,1742.8932
861,427,5,2345.0735
358,103,5,2116.9326
358,693,7,2217.892
395,96,1,1699.0029
395,38,4,1122.9628
826,35,3,1276.4801
826,741,4,2173.6597
847,152,4,2057.866
847,813,6,2191.9731
467,898,5,1675.6031
467,276,7,2205.7202
837,139,4,2392.8215
837,208,4,1128.5488
568,288,4,2088.7178
568,179,7,732.4704
836,361,7,1475.8398
836,331,1,1838.4927
493,967,1,1849.362
493,769,6,410.73135
819,682,5,1307.577
819,224,7,1287.8085
646,508,3,2704.2063
646,90,2,2006.9841
498,836,3,339.95184
498,138,4,2867.5337
858,892,5,2358.0793
858,8,4,777.3675
647,484,5,1773.9305
647,292,5,2448.5354
905,581,1,1957.9479
905,978,5,1912.7743
808,99,5,1504.0304
808,130,2,1744.5571
244,317,3,2250.4255
244,318,5,2109.535
265,596,2,1872.5759
265,544,3,2839.7302
567,609,2,1391.4636
567,838,1,1483.4086
562,674,6,1046.3954
562,554,2,1146.3889
561,208,2,2010.7733
561,140,7,2172.7146
286,103,4,1114.3888
286,889,7,944.38904
370,11,5,2098.9927
370,587,3,1668.7753
360,74,7,2167.3857
360,795,7,1914.1796
20,376,5,887.0474
20,841,3,1233.129
80,820,1,2602.897
80,255,6,911.94543
743,20,1,1755.7605
743,598,1,1935.585
40,909,5,2070.7717
40,753,4,1971.408
907,569,5,1845.0054
907,684,6,1706.0718
234,850,3,1805.236
234,305,4,2165.8916
294,800,4,459.9594
294,577,1,961.97253
293,161,3,1754.6405
293,111,6,1198.5695
252,969,6,1763.0485
252,77,3,1091.7206
332,442,6,2653.3826
332,781,7,1438.59
886,890,1,1528.7548
886,607,3,1526.0627
879,630,1,1176.6383
879,10,3,1095.0342
897,931,6,634.4167
897,916,4,1107.5641
261,9,4,502.5978
261,511,7,1267.3246
284,831,6,413.7152
284,156,1,2115.6917
563,193,4,904.1607
563,64,1,1612.8629
877,139,1,2355.8286
877,252,6,1397.9739
55,175,7,601.3714
55,211,5,2343.37
57,744,6,1964.4333
57,428,5,1087.7354
241,919,7,676.6794
241,299,5,1690.3136
619,833,6,1429.6527
619,397,3,2148.4563
15,313,6,1682.0071
15,791,3,412.04126
11,633,4,1742.1035
11,134,5,792.8459
38,598,4,2354.8975
38,374,5,2766.6467
214,938,3,2246.9602
214,647,2,1120.7552
47,84,5,1859.0509
47,140,6,540.59766
545,976,2,2362.1855
545,979,7,2112.4912
36,39,2,772.55426
36,640,6,2933.7358
372,345,6,2481.43
372,724,7,2166.8928
17,363,7,1453.2367
17,317,6,3004.1487
58,810,1,2379.204
58,841,4,2004.0342
59,196,5,1450.5139
59,952,6,1675.2861
296,251,1,1328.1799
296,780,2,1033.8533
56,140,4,946.2284
56,415,4,392.66226
9,484,6,2509.6023
9,289,7,404.09042
78,82,3,158.80708
78,355,1,1282.3098
760,757,3,144.63747
760,10,7,1597.8595
7,659,7,1823.2439
7,477,3,1769.1046
77,66,1,778.8862
77,244,6,1558.8848
813,873,1,1408.7706
813,185,7,1277.6764
701,556,6,1365.1798
701,467,1,1694.3276
833,253,7,2498.1843
833,826,6,452.23087
39,904,7,1845.9563
39,833,5,417.93518
703,743,6,792.8866
703,478,2,3325.9568
721,538,1,1263.1395
721,485,4,688.32434
233,799,2,1541.1902
233,41,5,2797.684
817,608,5,1338.4473
817,900,5,1967.2881
186,750,3,772.52094
186,469,5,1302.5847
177,960,6,1052.306
177,187,7,540.8799
413,738,5,1793.2268
413,43,4,464.41928
189,714,2,1162.6232
189,705,4,343.13095
164,745,3,1479.3931
164,566,2,2578.7327
822,29,6,635.1712
822,186,7,1539.3801
176,748,1,1013.6304
176,147,1,708.0214
167,178,2,454.2003
167,974,2,2169.3982
823,374,4,2534.026
823,954,1,1572.5981
196,417,3,417.68842
196,659,6,1562.9319
570,282,4,841.2276
570,745,2,1274.2642
16,112,2,1379.9851
16,897,2,1319.5664
168,755,7,1679.4515
168,604,2,1440.3331
165,638,4,1276.3201
165,947,5,1008.7586
312,528,1,706.63715
312,214,5,2659.873
185,409,7,1595.9552
185,161,5,2640.8948
178,769,4,2262.1392
178,481,3,2570.104
535,83,6,1694.2123
535,360,6,1888.9196
718,782,3,1888.6729
718,686,3,2288.889
738,232,4,2202.1704
738,18,3,1989.7482
840,910,7,2286.819
840,203,6,2633.9426
800,344,1,1216.9329
800,347,4,1456.1449
705,152,2,2693.482
705,124,4,1497.3049
821,551,5,1586.7039
821,52,7,1766.9264
708,63,2,1249.2878
708,158,5,2277.9011
659,952,6,2915.998
659,723,3,1163.6031
704,474,2,2944.8496
704,63,6,1490.0922
483,980,7,1963.1013
483,272,6,3236.2842
334,667,5,1582.756
334,93,3,2323.1582
772,239,5,983.53687
772,339,6,2043.8225
254,225,5,2432.3364
254,343,4,1224.6569
927,913,7,1225.0891
927,40,4,1468.8114
584,903,1,1957.6906
584,873,6,2023.2251
251,790,2,1336.6508
251,838,5,1984.1152
854,978,6,1075.4764
854,29,3,2538.226
793,109,2,543.19586
793,775,1,1031.7191
918,787,4,1557.3964
918,360,3,2103.092
831,328,7,900.5386
831,934,2,1287.5791
843,221,1,1375.5952
843,849,3,849.34906
454,913,3,1948.5989
454,142,3,1297.7654
978,860,5,2146.6978
978,956,3,2285.7896
977,567,7,445.90015
977,436,4,1220.3663
471,491,5,777.69415
471,959,5,2229.8723
979,102,3,2422.3384
979,280,7,2548.0425
472,117,7,1574.1324
472,500,1,482.0883
976,714,6,2656.736
976,741,4,1259.9756
678,785,6,1716.9072
678,714,2,2717.123
667,353,6,1758.9749
667,218,6,1802.2599
975,335,3,1576.538
975,704,5,1773.9786
684,860,6,1732.9889
684,52,4,2254.986
600,741,2,1927.4569
600,411,5,1020.5992
666,207,4,304.43472
666,496,4,841.6551
668,155,7,1387.2428
668,372,4,1501.1095
677,575,3,1957.953
677,543,1,1571.3855
694,672,5,984.183
694,979,1,2509.0063
696,362,1,3000.0027
696,546,7,1228.0542
427,656,6,1236.2136
427,667,6,1368.1407
699,320,7,1794.6575
699,668,2,366.0186
511,847,3,2367.5051
511,575,7,1094.8398
809,567,6,2176.8396
809,924,1,1154.5717
502,655,1,1344.1226
502,694,2,227.77837
679,202,1,2066.9712
679,334,7,1106.2545
692,162,7,261.97412
692,944,4,1415.5515
693,892,2,2079.859
693,371,6,852.03613
685,158,4,1171.9431
685,970,7,999.89246
674,896,6,2942.3296
674,209,4,2612.2112
771,10,1,1549.5791
771,883,2,610.8002
770,772,1,168.21938
770,921,3,2408.806
126,129,5,522.3559
126,552,3,2098.1018
136,137,6,961.28094
136,568,7,1572.4589
157,877,3,1538.1609
157,880,7,1497.0979
149,505,6,1371.3177
149,698,6,532.41724
148,104,2,2431.194
148,317,2,1003.48816
468,478,7,2571.5825
468,641,6,2805.566
197,562,2,813.2895
197,546,5,1197.3152
119,133,7,498.6963
119,137,3,692.7907
106,161,6,1650.2384
106,470,1,644.72186
129,150,5,1243.6064
129,328,7,1226.206
101,16,6,1233.7122
101,290,4,1668.1259
156,48,2,2150.3674
156,230,7,1272.6051
592,686,6,1200.056
592,910,6,2424.554
137,97,2,2182.0696
137,486,1,2085.2075
911,402,3,2198.825
911,920,4,1520.51
169,820,7,2028.11
169,499,6,2683.685
582,910,4,2130.1584
582,351,4,1219.0527
188,489,7,1692.271
188,271,3,2087.3992
323,704,1,1739.6127
323,92,3,428.8907
382,395,4,639.8366
382,935,5,2511.9138
187,165,7,652.7802
187,374,7,1085.2867
484,261,6,2438.0815
484,429,4,2177.4795
547,687,7,1846.4587
547,721,6,930.28174
719,559,4,1672.449
719,587,6,1450.0544
688,752,5,2100.8975
688,252,6,1987.6256
419,679,5,1519.3965
419,490,5,999.03644
343,108,5,1607.5958
343,333,4,601.128
585,241,1,1466.2622
585,939,3,2282.825
512,583,2,644.1935
512,680,3,2126.3545
554,659,1,798.768
554,701,1,1176.2107
575,158,1,2621.1375
575,886,5,1628.7739
221,5,1,2454.4592
221,228,2,641.4417
208,768,3,1931.2113
208,872,5,2222.4434
803,209,4,265.79208
803,748,2,1563.564
802,812,3,816.3502
802,11,6,1140.4554
855,862,5,561.2806
855,785,6,1441.2797
581,576,3,790.7093
581,442,3,1047.8035
906,87,5,2593.8816
906,290,4,1302.9106
856,861,6,1946.5137
856,734,2,1786.1726
373,330,4,1858.5795
373,678,6,1499.6296
48,176,5,1041.9232
48,83,6,1394.8942
45,415,2,707.0576
45,120,4,930.84705
857,246,4,2716.8206
857,217,2,1331.9496
792,898,7,2245.8582
792,208,4,2346.4612
777,250,1,1122.8959
777,780,7,960.90533
396,289,7,1915.6925
396,772,1,1830.1879
344,213,3,1249.3912
344,921,3,2542.8894
477,839,4,2712.286
477,492,7,2996.4993
361,201,7,1596.8394
361,475,7,2401.2153
207,8,1,1951.0078
207,218,1,2083.6018
5,595,1,2312.9324
5,771,6,1339.8079
829,809,7,1021.975
829,806,7,1137.5087
394,285,4,2459.6233
394,82,7,1449.4349
235,666,3,2117.2764
235,473,5,2265.5447
849,794,5,523.2074
849,297,1,1274.541
887,88,7,976.9257
887,103,6,1294.2683
381,494,6,1336.4476
381,379,5,70.481026
827,625,6,1364.5045
827,828,7,618.52765
848,978,1,2338.8403
848,348,7,1360.7954
491,971,5,2493.1812
491,63,2,1651.0776
397,335,6,2229.3674
397,631,7,669.8792
490,939,6,2106.0
490,551,4,1446.7366
439,532,1,1259.1256
439,421,5,914.9888
835,768,7,2363.4912
835,869,7,1654.1069
574,238,4,1202.6633
574,287,3,1538.8513
576,868,2,1425.2087
576,82,6,1022.21326
313,794,2,1016.32434
313,304,7,215.08015
816,29,7,1062.1344
816,370,4,2268.1306
451,508,3,1310.2489
451,494,7,1270.9845
866,238,5,2429.7402
866,723,6,1096.5378
956,962,6,219.81354
956,829,4,1308.9348
951,958,7,331.98343
951,557,3,2764.2659
210,925,7,1917.0422
210,698,4,2502.9265
536,360,1,1830.6735
536,978,2,2177.4902
393,285,5,2525.6917
393,762,1,2186.7913
598,43,3,1681.002
598,124,7,1086.4016
250,495,1,2198.604
250,687,3,1488.002
549,767,1,1272.2417
549,556,3,878.1494
555,732,7,1452.9604
555,665,2,1916.2452
283,326,5,1603.8514
283,834,5,837.08826
774,337,6,605.9194
774,291,2,1678.6383
737,497,2,1672.1105
737,979,6,2485.4236
486,291,6,2402.662
486,967,7,1752.2655
489,924,7,2262.7578
489,203,7,2038.2109
775,688,4,761.0016
775,969,7,766.5718
892,351,3,2151.1096
892,819,5,1966.2557
881,976,4,2650.2493
881,79,2,1497.2388
853,798,3,1157.6215
853,344,3,1473.2087
257,484,1,3093.6084
257,871,2,1244.4618
860,859,1,250.82784
860,796,2,1860.6827
400,932,3,1882.648
400,454,7,1436.0942
548,558,3,229.43048
548,369,2,1840.8909
308,302,6,744.0513
308,228,5,789.81824
788,115,4,1183.7444
788,304,1,872.7318
894,524,5,2531.587
894,408,2,1244.0758
99,873,3,951.2892
99,876,2,935.2369
97,324,1,1979.4913
97,331,6,2092.6172
280,442,3,2311.0518
280,546,1,2336.6274
98,254,3,2032.0118
98,766,3,1121.8599
786,339,6,1119.6321
786,482,2,1827.0083
872,333,5,1948.4442
872,265,2,1459.0792
735,362,5,3094.903
735,331,3,2428.6746
203,938,4,1289.5717
203,747,7,609.1947
893,58,3,1421.8057
893,980,7,1236.0286
787,71,5,1483.8746
787,300,3,1127.1494
302,309,1,231.22879
302,523,5,743.10486
303,330,1,1731.5358
303,80,1,1055.2083
873,178,1,2261.8816
873,556,3,2172.7964
125,363,7,2558.26
125,748,7,1602.4298
626,28,6,390.24667
626,41,7,511.50705
127,671,6,788.2571
127,166,4,827.4574
315,298,5,727.0925
315,355,4,1466.7943
111,772,6,1014.56525
111,521,2,958.09766
871,757,1,1314.8612
871,569,3,1858.2384
108,793,4,921.88086
108,21,5,2275.0981
532,436,7,1326.3252
532,664,2,1552.0546
67,98,3,908.6536
67,10,6,1641.1321
85,797,7,764.3315
85,9,1,2237.9087
781,310,1,1328.8608
781,795,2,702.6641
107,237,6,1480.1622
107,339,3,1888.0261
202,124,5,1819.512
202,254,3,2632.2834
122,328,2,1544.7859
122,368,4,1469.2478
102,619,4,2410.6628
102,898,5,2044.1672
891,931,7,1535.7063
891,66,1,1506.0176
124,186,7,1290.7723
124,325,4,2128.2556
86,340,6,2109.7783
86,950,7,1971.0745
799,313,4,868.8968
799,217,4,965.37604
329,599,5,1924.0159
329,3,2,980.9162
801,230,7,2301.3042
801,931,7,1507.6626
69,508,3,1211.4897
69,918,2,758.48114
307,305,2,139.3424
307,239,3,1854.1453
128,328,2,1773.9819
128,464,2,1886.7655
761,363,4,2024.0842
761,103,5,901.1086
104,210,1,2400.0896
104,958,1,1888.666
569,636,5,346.8627
569,323,4,1614.1943
88,570,7,1374.0948
88,830,3,1408.5962
278,634,4,1506.1243
278,699,7,1589.4274
115,330,1,2164.4976
115,268,4,2645.1997
732,589,7,1947.974
732,721,2,1263.2837
763,826,5,2523.0518
763,387,6,1821.39
744,207,7,1826.3804
744,171,2,992.3566
766,401,5,975.2764
766,254,2,1445.9354
229,785,3,1533.3091
229,364,3,2794.1584
222,864,7,946.72534
222,513,7,1821.9269
875,341,3,1914.0193
875,73,6,1267.1478
795,231,4,2213.4941
795,584,4,1346.8673
797,337,7,1074.6831
797,909,5,1926.9193
727,856,1,1168.3923
727,701,6,1895.7661
526,527,5,499.58606
526,291,3,1896.6023
423,202,5,2143.1152
423,964,3,2551.7295
420,139,4,1934.47
420,820,4,1695.5223
401,317,7,1932.0013
401,21,7,2544.4424
725,665,6,1981.1599
725,356,3,2539.515
776,938,6,2418.9937
776,74,6,1537.369
765,636,4,2681.0654
765,88,1,1198.7529
968,205,5,1223.0585
968,364,4,1760.495
949,149,6,1019.83356
949,961,6,716.01556
609,921,3,594.9637
609,137,6,1170.2502
969,229,7,1707.2184
969,265,5,2775.7444
541,174,3,2399.4326
541,702,4,1075.6835
348,495,7,1764.257
348,239,2,885.7476
418,702,7,610.7758
418,556,5,1379.0668
785,969,6,739.6098
785,5,1,1883.1956
778,511,4,1557.7944
778,864,1,1880.7709
446,101,7,1099.7247
446,637,3,2046.2202
130,413,3,1064.6659
130,425,7,1521.2346
131,964,1,1076.9985
131,499,2,3481.1733
754,675,4,3029.4443
754,925,5,1206.9392
525,903,5,2147.8818
525,316,4,189.6405
559,928,5,2799.199
559,167,6,2514.676
588,662,1,987.59845
588,375,3,1763.0488
958,543,1,3049.252
958,820,5,2717.0557
967,768,6,1772.7671
967,770,3,1818.8812
957,738,4,1321.2615
957,169,3,1011.69135
642,645,3,163.68576
642,28,7,1174.4565
965,166,5,1135.0844
965,752,2,1412.861
83,935,1,2097.1624
83,912,3,2151.4922
680,927,5,2717.1882
680,292,5,2234.3657
938,900,6,748.7205
938,452,7,2383.475
966,838,4,873.2555
966,972,5,710.79254
755,142,1,2168.5925
755,215,4,1434.8444
621,277,3,1055.6917
621,277,6,1003.10065
46,939,6,2155.1802
46,977,5,2285.1008
204,273,5,2064.3574
204,281,3,2338.3928
499,488,6,2319.5618
499,470,3,2769.4016
297,299,7,297.61954
297,840,3,2120.303
596,358,1,3009.253
596,495,2,3296.7905
620,950,3,1547.6683
620,14,5,1155.4442
89,292,1,1863.1422
89,90,2,446.27188
815,631,3,1234.9794
815,556,6,2618.029
145,908,4,1986.1154
145,96,1,1240.5731
812,892,3,2292.9626
812,172,7,1585.8994
161,437,2,1818.2527
161,244,7,1003.3429
171,146,7,1066.1301
171,797,5,1964.306
724,338,4,1538.9348
724,863,3,882.37836
487,213,7,1794.5421
487,861,2,2505.9033
172,360,3,2516.7205
172,692,1,327.37372
465,164,5,1804.1561
465,211,3,1481.8302
160,289,2,2222.6738
160,415,3,1334.6008
580,640,2,2632.004
580,109,2,571.28595
463,448,7,1004.9536
463,452,1,1153.8387
518,461,2,1452.2004
518,766,6,1485.3885
652,3,6,1366.9559
652,649,1,506.6515
653,932,4,1613.0209
653,889,3,1498.4849
660,517,4,2824.8098
660,663,4,290.7343
81,21,2,2768.5876
81,758,4,1232.8667
661,499,5,1191.358
661,735,7,1186.5851
460,457,2,179.8636
460,461,7,225.26035
494,51,7,2698.5137
494,920,2,1916.1158
140,722,1,3439.1987
140,855,6,2239.2983
144,445,1,947.7241
144,754,6,2662.3108
220,847,1,2554.2844
220,861,3,2769.8806
962,233,6,2544.265
962,812,1,768.1296
863,209,4,2585.8193
863,208,3,2166.674
862,342,7,954.0877
862,206,4,1923.7946
864,225,3,1151.2604
864,848,7,652.8536
84,674,5,2055.1494
84,596,1,2970.6206
880,901,1,1161.3368
880,949,6,2382.0752
874,964,2,1806.2385
874,508,5,2290.1636
1,806,3,496.95117
1,26,4,964.8968
509,459,7,1113.5818
509,252,7,1338.037
399,75,4,570.098
399,914,2,2090.0608
62,979,2,1957.0558
62,146,3,1360.2795
650,270,6,1496.1758
650,10,7,1433.69
622,613,4,663.19977
622,755,3,2741.4143
34,938,6,1947.4891
34,939,1,2484.1946
330,982,2,536.1979
330,99,1,1904.8763
262,931,3,1197.2653
262,365,2,2531.733
316,256,5,1461.8059
316,585,5,1423.2227
181,154,7,1038.4072
181,473,7,1483.5316
72,245,3,1932.0676
72,364,3,2834.1016
782,784,2,1913.4711
782,156,1,2051.098
794,669,5,1770.2391
794,335,6,1549.6709
663,535,2,1057.2223
663,719,1,967.42017
146,326,6,989.70874
146,752,7,829.13367
665,664,2,58.567963
665,441,5,861.17566
953,517,5,1881.3315
953,125,1,1027.7971
114,976,3,2674.8237
114,482,7,2345.4514
973,774,6,259.44467
973,369,6,2268.9875
603,465,3,1892.923
603,952,7,1143.5145
959,894,5,899.1703
959,22,1,1568.594
105,918,7,1107.3743
105,630,7,752.0357
151,891,4,2055.0127
151,632,2,1710.09
974,695,7,2115.5974
974,416,4,1388.0299
970,551,1,2207.279
970,747,6,2392.1462
422,741,5,2258.1895
422,535,6,712.3735
884,511,1,1587.982
884,796,7,1505.0719
35,321,2,2227.6099
35,31,6,132.8274
110,5,5,1834.0104
110,331,4,1948.3298
37,370,6,2770.0005
37,958,1,1200.4603
298,968,5,1454.9177
298,363,6,2669.6829
944,119,4,816.4481
944,118,2,319.27872
123,148,3,1580.9967
123,744,4,1719.7867
971,19,3,1958.1404
971,224,4,1155.0123
133,703,1,1100.3647
133,501,1,1818.5663
851,251,6,2378.7246
851,860,5,769.68585
606,491,5,1935.4775
606,359,2,2493.9382
601,599,6,471.15494
601,435,4,2408.3596
741,366,5,1342.1501
741,50,2,2003.8943
883,365,5,2258.0503
883,318,5,1602.0237
805,751,4,2249.1045
805,942,2,1629.5485
804,26,3,1079.1827
804,830,2,418.3731
796,932,7,2412.3892
796,788,6,507.5786
824,133,6,2266.622
824,951,4,1372.6589
784,688,2,1359.2611
784,689,1,1439.4707
844,971,4,1509.416
844,858,6,526.1946
717,563,5,822.8332
717,495,5,1774.8923
716,560,5,1701.3425
716,662,6,875.74945
920,130,4,1843.495
920,169,3,1794.4584
411,48,6,640.57477
411,61,7,1008.4879
448,6,3,1772.7239
448,638,5,2272.1575
697,327,5,1087.7024
697,269,1,2192.7468
378,257,4,1942.4553
378,365,7,2251.6833
645,621,5,562.843
645,566,5,941.0602
488,36,1,2648.7292
488,221,3,2284.9822
664,675,7,1831.3485
664,375,3,1237.1316
116,611,3,2622.9631
116,409,1,1584.4728
745,472,5,306.61432
745,977,4,1287.3441
695,675,7,1106.8164
695,418,6,463.14532
118,121,5,595.451
118,183,6,1379.8119
691,977,6,2361.6885
691,679,1,2191.5303
212,635,5,2281.4697
212,20,7,807.2407
945,744,5,2092.0273
945,180,6,1425.1224
885,906,7,1136.8129
885,108,3,1276.4034
163,181,7,741.43787
163,833,5,1704.9691
27,890,6,1720.1488
27,891,2,1721.3969
96,803,3,1836.4623
96,481,4,2303.0857
392,396,4,315.5171
392,397,6,125.768425
391,291,6,2220.7266
391,393,4,127.59563
28,328,6,1282.2559
28,29,4,91.47402
623,37,3,1588.5016
623,622,6,260.15778
565,659,3,754.99884
565,567,5,3023.0918
595,857,4,1264.3401
595,371,3,1748.9224
29,933,3,2086.4182
29,641,3,1242.4084
613,644,2,909.63525
613,623,1,618.8332
281,134,1,1575.8322
281,267,6,1231.6233
641,476,6,3526.9353
641,277,2,1096.5927
670,493,3,1529.1799
670,606,4,1151.6736
707,137,5,2324.6775
707,490,6,1683.9656
615,25,2,1026.2323
615,614,3,494.27594
630,936,5,1874.656
630,628,5,248.25752
191,56,7,1025.4093
191,533,2,1311.7484
194,659,4,1603.7598
194,49,4,556.60925
604,271,7,2364.4204
604,164,4,1296.7236
896,818,3,1206.4252
896,959,1,552.3308
654,949,1,2390.4592
654,283,1,1266.0721
417,674,5,1862.5763
417,204,5,2279.339
182,133,2,909.7721
182,53,7,1291.2753
611,132,4,2515.0222
611,951,3,2355.9148
709,323,1,1827.4573
709,29,2,1087.5084
175,356,6,1298.1932
175,171,5,162.86957
443,395,2,1108.0002
443,98,7,1085.5034
166,671,2,474.86185
166,704,1,937.7588
150,958,2,877.76025
150,941,7,1454.9056
279,130,6,1875.258
279,891,7,1659.7057
806,185,3,1757.3625
806,882,7,1631.2083
571,936,2,1322.8186
571,137,4,1157.4128
846,966,2,1709.4208
846,481,6,1477.7765
807,266,2,511.44214
807,753,1,1871.4614
13,829,4,862.4076
13,622,7,963.7338
447,394,7,1041.9541
447,914,3,1800.4492
572,792,7,2392.111
572,975,2,1210.3783
306,786,7,923.9716
306,690,4,2042.9806
955,1,6,1154.8867
955,812,7,1132.4288
594,415,5,2009.4738
594,552,5,1031.412
33,231,3,2257.964
33,869,7,2069.3726
12,937,5,2589.151
12,136,7,2441.2354
31,322,3,2352.7156
31,10,4,1282.1351
818,154,4,1577.2766
818,372,3,2642.7026
828,930,4,1624.7313
828,826,7,279.80838
350,327,4,2645.344
350,867,7,1120.3243
30,923,3,1939.5646
30,896,4,1464.8662
730,7,2,1062.3917
730,680,2,1817.3408
764,528,6,2019.3582
764,934,3,1441.0237
351,852,1,1840.4412
351,976,1,1995.6073
346,336,1,726.446
346,857,1,1885.8761
616,600,4,2637.6138
616,167,1,2597.7607
389,384,5,916.3347
389,902,6,2182.1091
810,816,6,545.62616
810,814,7,238.20724
649,614,6,996.67694
649,265,7,1548.8672
888,415,5,2206.4092
888,14,5,1562.691
117,45,1,525.0507
117,131,2,836.404
24,38,6,916.4368
24,651,4,191.61925
25,626,6,235.74405
25,802,1,1070.2874
531,114,4,1552.2106
531,507,1,1288.0614
669,168,3,2360.971
669,248,5,1965.6201
658,51,1,2903.8188
658,726,1,1318.1656
698,556,7,2312.729
698,752,2,1443.6215
689,69,2,1831.3572
689,585,3,1907.3439
617,642,2,912.60583
617,614,7,275.7059
508,287,2,2174.1238
508,442,6,1350.1652
825,610,4,2018.1661
825,269,4,1632.4668
452,142,5,1277.2948
452,96,5,1837.7465
453,446,4,688.5759
453,514,6,1919.4138
190,50,2,964.4677
190,707,4,483.8216
710,474,7,1271.0289
710,208,5,2085.2935
457,878,2,1894.8289
457,68,6,945.467
449,257,6,1615.5767
449,66,7,873.14374
960,51,4,1638.6433
960,364,3,2238.76
466,156,5,1242.2925
466,467,7,571.93585
455,773,7,1166.8096
455,99,4,1760.7494
352,7,4,1702.7711
352,287,4,1816.8662
687,851,1,1684.9951
687,918,6,1846.976
272,517,6,2478.3848
272,894,5,101.765564
440,134,5,2656.8633
440,489,1,579.1819
345,493,2,1946.7516
345,473,2,2176.178
736,559,3,1948.0187
736,435,7,2299.8936
714,537,6,1139.1705
714,838,6,1915.026
65,590,2,1221.7308
65,741,3,1231.2455
68,506,1,1556.7484
68,131,7,2657.8442
75,88,2,1559.1326
75,940,6,2569.151
87,323,4,1402.926
87,879,6,1280.1482
734,647,3,2437.2922
734,849,1,1606.5391
590,433,2,1357.2504
590,210,1,1619.7749
82,771,2,542.47235
82,240,7,1497.0281
942,318,7,851.18274
942,755,7,1471.0248
593,681,1,2203.6145
593,821,4,2376.9553
445,507,2,903.40393
445,507,5,887.32874
591,356,2,1848.7302
591,843,4,1099.163
199,556,5,1829.1178
199,820,3,2180.7886
618,950,7,1540.743
618,768,7,2475.4644
170,330,5,2260.851
170,742,6,1048.0785
193,656,1,1264.5164
193,673,2,845.02924
192,49,5,696.1724
192,475,3,2042.0555
462,508,7,1410.2449
462,78,7,1425.1207
32,573,5,2821.725
32,264,4,1062.5933
628,395,1,998.0105
628,327,7,1556.4377
228,784,4,997.60693
228,214,5,2515.979
602,569,4,1976.3292
602,633,2,1994.1337
529,109,6,1355.3158
529,309,2,967.12555
713,196,2,1005.8757
713,499,4,1585.1996
456,100,5,1720.402
456,81,5,1039.7023
865,158,1,2304.5012
865,481,2,1751.0735
852,157,6,2682.5725
852,360,3,2435.3328
631,762,6,2247.1763
631,894,5,1936.6272
648,932,6,2322.3909
648,641,1,918.15735
560,705,4,1768.9786
560,249,7,2288.0906
516,789,7,1247.3065
516,312,3,723.4027
811,941,3,1309.1498
811,768,5,2103.8613
277,599,5,1431.9944
277,608,3,1561.3439
274,832,3,773.5349
274,813,1,1434.1306
972,161,1,488.93167
972,341,7,606.4732
305,529,6,1217.9714
305,311,5,698.5648
324,92,4,1857.0354
324,156,2,1318.7522
380,756,6,1983.812
380,886,3,1788.2118
314,330,6,2222.7063
314,778,6,1354.722
0,664,7,2100.0142
0,204,7,3250.5835
947,949,1,178.79941
947,180,6,1390.7424
656,723,3,1444.3834
656,360,2,2457.975
143,242,6,2275.7651
143,388,4,627.6707
8,483,6,1328.1638
8,853,7,698.7142
113,795,3,1148.9891
113,899,1,2371.767
715,700,5,141.53659
715,199,4,539.83453
112,327,1,2595.291
112,337,3,1909.3425
384,379,5,418.10507
384,399,5,534.73816
895,92,2,1859.408
895,374,6,2557.2793
963,747,3,2047.3713
963,39,7,1530.6725
946,896,5,343.12686
946,949,2,373.15433
388,75,7,1004.8297
388,873,4,1731.093
390,912,3,2865.5317
390,914,7,2490.1172
706,974,4,1986.9833
706,502,3,1059.1923
521,107,5,984.78577
521,76,7,1294.1361
386,403,4,1003.48663
386,913,6,2572.682
385,879,1,1372.7053
385,96,6,1470.9891
834,32,6,304.69263
834,279,1,759.7028
527,238,3,2151.5156
527,253,6,1826.5764
614,139,6,2640.2114
614,625,7,627.3535
948,22,3,1432.7423
948,202,6,2017.4369
503,665,4,2238.617
503,702,2,455.02728
607,94,5,1454.8658
607,905,2,2460.187
522,450,5,1102.1733
522,512,5,1267.3536
198,208,1,2225.87
198,191,2,667.0753
387,607,5,774.998
387,932,6,1875.7904
651,650,7,166.37495
651,2,4,1956.7418
612,328,5,1732.5034
612,317,5,2072.3242
676,672,1,823.9329
676,485,6,704.77313
402,79,3,477.37512
402,396,4,554.8292
461,391,6,1353.8445
461,402,4,1160.0673
263,364,1,2155.4468
263,827,1,1223.5968
398,73,5,1093.0958
398,494,5,885.03986
459,494,4,1827.7849
459,97,3,1779.3488
383,105,5,1094.2651
383,388,5,736.1956
814,329,3,712.0915
814,802,2,590.2316
712,718,4,636.6504
712,435,7,1678.0929
200,356,1,1991.2792
200,716,3,512.7664
657,549,5,1148.8909
657,541,1,669.64844
