sourceid,dstid,dow,predicted_mean_travel_time
10,950,2,1085.7784372377937
10,889,2,406.4679791572821
260,145,2,1165.6179693706767
260,932,7,1617.9252841938328
41,808,2,1071.6543181336956
41,157,7,1772.4517304134815
425,744,7,1480.0091663609458
425,837,3,1767.5037888212446
762,584,5,1138.9419988628038
762,237,1,916.680763371387
750,942,3,2036.89429262783
750,849,4,3067.5762253737794
100,494,7,125.21926133371994
100,931,6,1466.5500252868608
791,762,1,1361.8921346083735
791,331,5,1777.4629569183958
839,346,1,959.6225062724588
839,62,7,2034.68033070807
790,782,3,2124.5000740062474
790,85,1,2623.8611638743387
21,235,4,1412.705784436625
21,926,5,765.474371477619
438,370,2,880.5140954788985
438,335,5,2263.887751648068
671,125,3,933.9016255721746
671,634,5,945.4894090301982
662,505,7,2126.744917360723
662,476,3,847.1495447877943
690,904,4,2224.9703191032195
690,794,6,1130.8748225428576
731,737,7,480.8847640997724
731,374,7,2560.351223786149
634,202,1,794.9662346028189
634,62,7,1192.426903030198
429,633,6,1843.6119162134055
429,662,4,1805.6980647238972
675,661,2,652.9356704882255
675,662,7,529.0961019829745
42,492,3,2191.8778654791777
42,755,3,2721.7805881516188
635,969,7,2806.686085862862
635,816,3,1437.5762448738599
783,212,2,1925.3467549209051
783,851,3,1173.297454227207
643,268,3,1578.6146378421213
643,32,5,1231.9104841056314
876,679,7,2360.9669993656908
876,907,1,1156.9796470416904
60,606,4,1507.9030783182825
60,474,6,1934.5456302843468
780,941,3,2792.0204500244754
780,299,1,1036.2182172582538
469,978,2,1102.4654540173665
469,686,6,2184.534509056836
640,761,1,2747.185438865018
640,485,7,1405.282974394464
722,322,5,4303.3476862692
722,680,7,1573.5852658278486
845,732,3,1138.7713976379068
845,733,3,1000.5980734785797
226,348,7,1306.1919876342956
226,669,5,2060.984768504657
227,551,2,3148.339060225236
227,849,3,1107.1954024591646
564,207,3,1628.0078151090388
564,425,1,1328.5609794684178
288,665,5,2039.6733310989102
288,144,7,1783.2408933449474
216,21,6,3241.2337276539415
216,307,7,1090.4606808790613
237,233,2,287.52664509082706
237,238,4,212.44437122656473
773,98,1,1296.6351886449609
773,638,2,2162.5074225009703
632,81,7,1375.3681503653484
632,239,2,1859.9051306299602
239,210,2,1568.631943188492
239,271,5,2702.290340770738
673,680,4,1935.3723737540126
673,729,7,1510.755364573831
245,512,4,1490.6682944116171
245,270,1,2589.594296423475
273,948,7,593.8423132501448
273,754,7,2039.1818821379009
683,160,5,631.9093297007106
683,261,5,2262.030217882284
285,470,2,1611.3434649028495
285,397,4,2259.310355609236
70,225,5,2648.2434621868056
70,16,5,940.7136252430874
238,755,4,1989.7986603660136
238,473,4,2385.692785634138
633,974,7,1414.2402643758264
633,178,7,524.901485038125
322,587,1,2804.2500038731537
322,25,6,1960.5478691186245
331,788,1,1536.4604108405356
331,679,7,1231.5530118296003
356,9,7,2049.4498266457194
356,862,6,2276.9626676233147
255,791,3,387.81638619415867
255,819,3,547.7370153109616
326,117,3,1654.2864023628929
326,904,5,2018.370034751352
681,775,6,967.3655426078445
681,501,2,1626.6112179730117
340,367,6,2497.0186664472053
340,918,7,1932.9897548816964
682,201,6,2442.2549537322193
682,230,1,1600.7588695975592
153,9,7,1975.3419005684914
153,273,1,1190.9473916838988
299,775,4,1084.049769509836
299,307,4,447.49071605454856
342,740,5,2891.4742959802456
342,422,4,2221.347160373134
363,327,7,2195.7544076544395
363,36,1,2717.6039847854836
206,178,1,2273.4189667688843
206,64,7,398.1045841440334
248,785,2,1407.2653156681415
248,72,5,2083.584039419295
751,421,7,2094.3153423165704
751,134,4,1556.5922802027333
321,704,7,1671.3576951417951
321,449,5,2010.2804044488967
287,951,6,2534.9225192745484
287,276,1,2302.097049746187
362,575,1,2126.2705441813746
362,891,3,2303.132017389973
71,286,5,1796.1522957850968
71,884,1,899.8504724299809
672,160,6,1484.7012939640792
672,21,7,3042.39858616569
753,203,7,253.6524529455537
753,478,7,2908.2796729015154
364,192,7,2424.1454347664403
364,926,7,1379.1427142593445
256,875,7,1887.0559235895328
256,289,3,2041.3886635896858
655,184,2,2414.5477951787725
655,542,2,1387.4897543549998
333,647,3,1097.0983973537805
333,437,3,1878.6150452622217
142,231,3,2227.0332218776653
142,529,3,2095.5842735192
236,346,2,1008.2674542214769
236,744,5,2613.9387541907327
415,813,2,2159.2097359147037
415,961,2,1871.6828905902048
587,662,6,1074.6192163147016
587,680,5,1100.5152719895489
328,908,1,1960.6916370671295
328,501,5,2390.2335654157787
644,27,7,449.4947313473167
644,279,4,1289.4624279259915
246,442,1,1510.3507694852856
246,530,1,2271.5268256298214
935,771,7,1897.1666254887575
935,96,1,1330.7673101582109
917,483,6,2522.659471171334
917,342,7,1742.5140527142305
530,235,2,2766.6665886870787
530,583,4,1647.3147666374573
481,542,3,990.0291275796902
481,732,1,1661.7116376620409
482,934,4,3220.4033470437316
482,677,1,777.8330297991832
510,635,6,1587.6612563573194
510,517,2,707.3489439775981
937,569,4,1494.1782538861069
937,871,1,730.2366604069945
492,121,3,2122.5238309756496
492,980,1,1392.8470370471346
926,474,4,3555.645064697289
926,802,2,1182.0672522681944
295,332,4,1933.4176560661379
295,304,3,308.4400416129913
480,59,5,2748.265048493682
480,474,2,450.5837725825586
540,471,7,1736.7571796967443
540,640,3,1487.6903831768884
904,265,4,1681.4721810496994
904,759,5,1292.162680936083
586,564,3,1186.144426827524
586,475,6,865.8718709855598
820,227,2,1976.5111080188958
820,893,2,1077.2298115112023
523,526,6,414.3636919021303
523,527,1,223.5977019572381
936,552,6,2773.2852203845464
936,380,6,1483.0391618341669
470,550,7,1706.1197394969854
470,899,2,1841.1314195182908
240,214,2,1060.9125155978372
240,591,3,2276.9159611829823
533,215,2,2007.8676772585623
533,211,2,1905.3091058132156
910,771,3,1351.3268494819372
910,980,1,1109.522065919313
147,374,6,1632.2568244075753
147,667,4,2422.800272953894
610,171,5,1740.1618542277179
610,807,5,1268.364145573123
437,647,5,1477.2757855108696
437,689,5,2094.297249316364
830,53,1,1738.4971009974136
830,465,3,1949.008126426133
520,525,4,1117.0741465379142
520,509,4,378.06853558326793
922,898,1,960.2260178840914
922,399,2,2095.1873220713633
335,376,3,2223.8703561165344
335,924,2,2241.5484573605554
929,321,4,313.60656375122676
929,215,1,2507.191809245896
410,464,2,1864.9469899287683
410,374,3,1502.7626321259108
450,506,1,1412.0974120490052
450,883,3,1342.7179733224052
500,214,1,1762.565847411964
500,701,3,1834.1035205675753
939,867,5,1723.3528925909795
939,880,7,1135.7217907864006
337,353,5,736.08641656775
337,467,2,2207.5562306279758
289,568,1,2213.803943843166
289,632,1,1129.819936949721
934,890,6,539.3599858757332
934,758,5,1677.305617468587
889,270,6,464.14822667862586
889,744,5,2069.294285535889
152,259,7,2252.5831257005407
152,408,1,1957.8557092988128
195,694,1,461.8138681538144
195,564,7,756.2123529907358
51,677,5,2242.812970207726
51,707,4,1409.9246843183005
43,47,1,540.9596262607515
43,434,2,1523.778504397204
589,363,2,1774.659631027236
589,498,3,867.9158100814393
52,601,2,1742.4838586742376
52,820,6,1994.6542483521591
132,696,3,1758.0996111644636
132,619,3,1997.6353811571644
276,367,7,1749.8145835127266
276,751,1,1880.3775054299347
74,527,5,1477.2282056844517
74,891,2,2475.154791503222
173,206,1,2131.7882194972276
173,740,3,726.4672153863345
61,201,6,1921.590438430891
61,198,3,1148.1823046072209
183,750,2,1000.7237463425652
183,908,5,2349.270340457113
23,441,7,2760.0466356031566
23,920,5,1987.4455755688266
180,286,7,2164.9360448866
180,496,3,2702.581641922163
22,826,6,790.1849541670305
22,32,4,866.4610809992361
247,923,1,2499.1793848053676
247,911,5,1137.1506437637627
923,756,1,1488.2585858749696
923,253,7,2496.4059454906833
174,480,6,2761.4208813125124
174,954,7,1312.166063532679
354,207,7,1808.0603105475884
354,103,2,2329.716236042821
141,87,6,213.42151700196337
141,271,1,818.4158438700789
243,261,1,976.155518975342
243,309,5,1625.7740459226263
64,84,1,743.3666197030485
64,706,4,1494.6264964017782
928,962,2,1428.0427668519922
928,165,3,2046.5875577710535
723,682,7,1159.4435417457478
723,545,6,1143.5198246032603
249,815,6,2671.790339494356
249,333,6,1397.4455159265494
154,911,4,2021.2062329500015
154,738,4,1407.7347514394155
63,703,2,1328.130268829654
63,833,1,2268.813450573415
304,110,4,1203.968401817566
304,351,1,1530.8311846069962
155,903,1,1454.7606892493068
155,322,3,979.6586356340952
44,47,1,112.39542782614126
44,488,2,1688.688375896566
752,423,5,1881.4857838238643
752,409,6,1880.0399300200552
961,754,6,1619.6385999986994
961,168,5,1137.3959075972543
982,9,1,1306.3530443158193
982,158,2,1516.4519752168537
941,604,4,2224.7112828520603
941,600,1,2413.253372497517
73,395,5,1439.1258818810388
73,462,4,1246.5772686968762
943,328,3,1441.8956377012116
943,496,6,3003.3414741529728
915,290,7,450.1253294785354
915,571,3,2322.3017011932025
371,951,3,1823.5862843194373
371,1,1,2252.9144878610177
930,806,3,1269.5044162250094
930,622,3,2363.8413190683577
933,559,2,2915.552452084999
933,967,5,2584.837799271097
932,411,7,2227.5507574380435
932,615,3,1973.0518880661898
980,386,7,2694.290316041407
980,182,7,2080.9528072276303
184,177,3,847.40498280728
184,133,2,1119.1934288369366
353,840,5,1706.8981419432748
353,259,3,1805.9445123215758
211,253,4,1669.908203011273
211,970,4,1224.5507637096898
925,177,6,1778.9493814055638
925,179,6,1493.56589161693
14,949,3,681.7727309488054
14,824,5,755.5037707981759
538,553,2,784.1268411800767
538,209,2,1680.8560649020833
546,350,4,2349.3500621076155
546,855,7,1513.8241682198432
517,721,5,2692.2855216633398
517,59,4,1617.8142973874733
507,21,1,3460.9601852194974
507,335,7,2075.54672810429
134,569,1,1424.745825084375
134,156,5,1813.8293075231531
506,102,1,2038.6886362808173
506,109,1,414.51353399840696
50,376,5,1289.9729780717414
50,711,7,1263.1427634287377
921,32,4,1633.2940013974032
921,390,4,1813.8518267324962
981,669,3,1180.0776003565597
981,205,7,1137.356610624086
528,523,6,272.55420155900265
528,509,2,1250.9615630693797
519,6,1,2360.1934190198504
519,521,5,159.48981505311872
624,939,6,2513.1131670653904
624,323,7,1840.5891164979182
637,878,1,1535.1114500975068
637,428,3,2286.8678382268763
940,86,1,1854.4607026373965
940,342,5,2571.934119748779
639,48,5,1849.6188814497955
639,911,2,2068.943348624864
625,652,7,608.6983206841184
625,642,2,753.226441124753
931,473,3,2331.4973416624766
931,175,5,2039.079363450208
537,922,1,2719.7872177895515
537,554,4,470.1370111133042
636,142,4,1864.2772657265632
636,950,3,1336.284934889345
159,415,6,2063.2067600168384
159,350,2,1701.4619935934775
138,210,1,2800.16228814716
138,36,1,1431.108091238102
179,867,5,2929.675740622037
179,412,3,1599.494822035418
605,185,4,1800.9960964408288
605,372,2,1613.6405953279682
109,669,2,2789.7782420970734
109,207,7,2587.7213661397036
158,662,1,1504.83080904265
158,768,3,2176.0581294747208
638,511,7,2820.879153192768
638,540,4,3302.2751854199664
139,941,1,1957.805730482026
139,664,3,2266.1972294983884
162,977,6,2263.462248053032
162,414,2,1364.7913853120936
950,891,3,1461.270611116046
950,839,6,2994.263481906469
341,632,7,2328.9714854026784
341,523,4,1926.6510133893696
916,888,3,1794.8823428226417
916,569,2,2300.194834855792
758,354,2,1608.3336800908423
758,335,3,1827.777899506323
798,779,1,565.5206822512885
798,363,6,2336.213674390101
964,877,3,1624.2744291099964
964,824,1,711.4130741364062
913,437,1,2569.811323828515
913,571,6,2213.798386039733
311,302,3,426.21707711596196
311,100,6,2787.2113131196393
473,476,4,2561.857737167928
473,56,1,1107.9237226569076
475,202,4,3148.031862611304
475,471,6,2291.862897883829
954,283,1,1196.529704080024
954,606,7,1305.116388579494
135,131,6,92.97643341304251
135,626,5,1689.9294429619615
924,223,4,3419.866763910339
924,319,7,646.7311259394721
374,675,7,1492.251569346557
374,969,5,2437.9587736759518
952,898,6,2309.7582983986103
952,610,6,1120.9683673354457
121,441,2,2215.454087271051
121,46,3,697.8261752288347
900,361,6,2117.701673865268
900,275,7,1960.670385175898
379,377,5,248.78975322185966
379,403,4,1352.0094683866982
223,85,1,2547.6202032574693
223,261,5,2823.683582591062
270,675,1,3094.347935698821
270,637,1,926.1581525055254
242,765,7,1739.6496318038971
242,934,5,2352.981548167477
66,98,7,698.7908019824478
66,287,7,1853.257293743209
18,683,4,1376.9288187457014
18,743,4,1801.290513912702
290,920,3,2100.751692690003
290,251,1,600.2275808279778
49,678,3,1950.3991578633008
49,429,5,1231.4089897834701
209,353,5,1622.6398524541287
209,687,3,582.594736473174
268,510,5,2573.6021306657417
268,157,3,1377.4229609566808
282,468,2,2043.8118018033997
282,245,1,2791.6695585495454
213,687,1,585.6613833331903
213,150,5,2778.897637796702
230,77,7,2080.4537771731384
230,352,5,1414.353803368188
219,213,5,2334.021922809062
219,353,2,1592.0634386455793
366,486,2,1213.435450969857
366,287,6,2743.21556396126
19,539,4,1788.3155031898732
19,706,6,1594.035940064436
271,967,3,3174.723019121391
271,769,6,2962.413978337186
217,968,4,1204.1139479835851
217,246,7,2009.6043081596604
76,978,7,2945.7631348628297
76,886,6,981.8056157638398
79,82,2,1542.1247967475172
79,142,7,876.2097010127295
403,95,5,936.5660033082678
403,566,5,2107.698578222653
442,333,5,2954.378727689452
442,921,6,2437.593104242392
515,74,7,1116.1344867080697
515,292,3,1709.6561714429922
103,387,1,1124.922533796946
103,524,2,2797.7549242519967
407,2,3,790.2862419456736
407,58,1,1977.4993224986201
524,940,2,1384.3151557714973
524,83,6,976.3186598530306
551,918,2,2163.257686647443
551,770,3,2707.4493188844913
291,498,2,3135.5258673424833
291,213,5,2145.4348220700567
441,426,1,651.4893558747351
441,210,3,1748.2561447334467
26,626,2,569.6585430219184
26,284,3,511.31300446644013
259,89,3,1435.1294550885727
259,781,4,1835.99020554531
432,491,6,1470.3573169902156
432,964,3,2434.647191314118
269,813,4,555.9300189664339
269,896,3,889.2626405120773
514,576,4,1218.3114782431269
514,519,3,253.80341394032007
258,451,7,990.8736024631373
258,255,4,1572.280713818081
434,436,1,674.8471415596587
434,346,3,2013.9349655860194
266,425,2,2185.5261419898743
266,37,6,425.87761283980103
550,465,4,1930.8821497709732
550,820,3,1272.0412725751703
912,938,6,1579.5135549833183
912,965,1,2462.5315835276906
224,688,5,1585.9735801724412
224,525,5,1535.3033913310437
424,169,3,1636.8210050172504
424,801,7,2071.2434477726883
231,543,4,2460.8296157513096
231,904,2,1097.8061942425675
505,488,4,979.4980446802103
505,896,2,2192.5521991755086
120,637,5,1813.9605467519123
120,43,2,1371.83475308116
534,374,3,1429.4007558144292
534,672,7,639.9180441079158
497,897,1,3156.4090730126163
497,683,7,819.1167385061575
476,490,2,2209.3995348173785
476,166,1,3155.3289443085105
485,635,7,3503.9624634793117
485,934,3,3911.125203543979
914,394,5,1422.1913382000885
914,152,3,2003.7424212641592
552,898,5,2692.3613573228495
552,372,6,1225.6988696916376
496,968,4,506.51082477201726
496,723,4,876.678923362517
686,535,7,1952.7482122807737
686,874,3,2277.4646262029373
908,151,2,2313.441629683453
908,456,2,2183.494736035035
414,437,3,1238.1998943987294
414,821,2,2371.060601861751
768,549,7,2309.536923126379
768,230,2,1059.714774924328
769,429,4,745.4609719432196
769,154,3,2523.380973095153
903,858,7,2563.2559947778614
903,832,1,2272.7732246019427
215,285,2,1385.3043634232922
215,663,5,2101.048576555824
789,981,1,2099.28512563099
789,495,3,2173.6952453022154
901,234,1,1393.2869035020274
901,99,5,1470.037898195666
264,485,5,3685.264107603915
264,415,1,2016.881376675768
355,874,7,1917.7655813988285
355,342,2,1315.6505001512273
573,117,7,2292.821727884461
573,534,1,2473.5978972626367
436,484,6,1852.1715862518965
436,838,6,1500.3858274378838
553,682,4,1187.4662051219243
553,561,6,853.4287564484598
729,790,5,1721.909154718254
729,720,2,817.5616100876356
767,372,6,1976.8967735607414
767,207,3,1326.2992057024267
368,150,5,1754.6072088047476
368,181,1,1147.0156890917578
558,543,6,582.925153756129
558,552,2,1089.5602479268923
369,601,2,1633.5814364578284
369,360,7,1402.3771007005907
359,918,3,1954.285621753209
359,300,6,2423.7451643177146
756,352,3,1999.3362853567626
756,2,7,1451.9505109250267
544,663,1,1410.7982950149492
544,819,1,2483.183493575278
347,788,1,969.521151679866
347,871,3,1977.7870768068049
409,950,7,1569.3178783119313
409,359,3,2961.6402487404484
759,243,6,1505.1270617425987
759,519,2,1717.0605699649113
543,167,7,2143.415061658549
543,839,6,1744.2119599294992
267,153,7,1198.8915395393385
267,325,6,889.4852231880897
318,629,4,1329.1826146416315
318,242,1,2330.1946987270235
365,816,1,2638.795006848557
365,763,6,2077.614724712282
464,432,2,1140.010892015745
464,289,2,2457.001651586192
578,869,1,1690.9218980317617
578,520,7,1164.6357187318233
779,302,7,1010.977859350666
779,355,6,592.0665411847974
339,695,3,2574.7681641708527
339,663,6,2250.5297033145243
201,538,3,2479.552356618685
201,654,6,2191.5591338278496
319,665,3,2735.4365306997156
319,958,1,903.9728803713474
577,689,6,1694.2512726380876
577,915,6,1595.8863385998993
225,577,4,1799.870634834555
225,845,3,1457.2973964015202
478,735,3,1035.5319161235504
478,664,7,1333.2661608219314
748,358,4,1282.5319027489118
748,847,6,2222.047368222406
597,128,7,869.8292154864048
597,273,3,1377.4759028189223
367,140,7,954.9925118558424
367,436,3,810.5069630478682
426,563,5,582.9073363189573
426,701,3,658.4431161014085
542,189,7,1224.5633091874483
542,977,5,1345.8588888368288
218,352,2,1669.935354687831
218,866,3,474.73379554793996
740,246,6,2771.9451270174823
740,396,3,2663.4022421382133
700,194,7,1097.0636743841433
700,189,5,708.9062081039989
377,934,6,1678.687032836914
377,100,6,1193.5562697802993
317,231,5,2242.3117285834396
317,285,2,1706.3658770848044
711,372,1,1792.22369889298
711,198,7,1044.9260166995232
919,508,4,1601.8328032562297
919,286,2,1306.750097074249
720,370,6,2179.3778305912647
720,865,3,882.2511883374791
309,338,6,1984.7370161085373
309,771,5,1884.0260141249857
702,367,3,1424.631647961784
702,427,1,782.7971335493629
54,472,1,1935.18418754906
54,187,3,1682.248547897429
53,60,7,495.3198144020496
53,501,6,1909.2399542148003
539,730,7,1231.7588956724953
539,54,6,1371.2788281354667
739,55,1,937.3872964466203
739,469,5,633.7322519282227
742,58,2,1089.496274405049
742,490,6,1373.2694164207765
902,633,2,2165.0772851992406
902,105,1,1340.6729311118813
746,288,7,1798.21666489779
746,680,6,2392.7570612697464
6,892,2,2085.3569114595252
6,394,5,2277.5096575647667
4,485,7,3664.3570189204497
4,965,1,1261.9361355932556
733,535,2,1736.9497628973038
733,541,7,1288.5812471670697
444,242,5,2206.223992538205
444,101,2,1347.3983841325082
232,686,3,1296.3476269745547
232,203,1,1757.264660861113
629,923,5,1691.1474803836097
629,391,3,958.0388152954598
627,567,6,2725.273270036502
627,326,7,1486.9280019203488
608,11,4,1228.1085024810434
608,903,1,2020.6656165716154
749,592,7,2390.453003065887
749,557,5,2596.4861017358244
336,424,5,2336.476205727241
336,361,6,1432.8888687149717
583,511,2,945.2595444504085
583,343,4,1458.0248698368364
292,508,3,1152.6522489686668
292,38,3,2665.1127495605924
458,398,5,1608.8668358397822
458,759,3,1256.3453449437663
757,819,7,1802.199892840476
757,881,6,604.6799623632085
327,212,3,2689.7598915261997
327,669,7,2643.565742118534
599,956,4,1749.1662437299387
599,941,6,2547.928669494847
513,238,3,2080.1665589435106
513,788,3,1002.708884621026
474,754,5,2833.9617543392797
474,976,5,2119.490036032096
376,151,5,2102.917607904838
376,276,5,2139.100916708621
501,966,4,2109.421462914231
501,760,5,3163.947566407403
92,397,4,1046.0476693538717
92,482,7,3223.0054186287816
93,246,4,2166.767316735266
93,379,5,988.8342092827105
205,913,2,2507.0368445378454
205,647,3,675.0235866129478
91,908,2,2164.7119994475297
91,102,5,849.6453111032895
94,325,1,1438.7702603143632
94,885,3,798.6840101819215
430,978,5,1821.1832524357146
430,547,2,870.4437439621827
431,492,4,1971.4876523921591
431,564,4,1033.9076284308737
404,628,6,1138.6014185745385
404,387,4,638.7034641850257
416,805,5,1966.4274194712061
416,962,4,1975.5650878690362
406,982,5,2551.448707157145
406,975,6,1512.0267089883341
95,326,6,1605.1929376313342
95,90,1,645.5660403467157
556,776,2,2031.5971619899994
556,54,3,1652.571591170046
428,240,5,2527.0539541039047
428,815,5,2279.1473570120743
408,214,4,2949.264625607734
408,928,3,1486.8610293684924
325,46,5,1571.8253939922377
325,426,2,2244.407052910867
412,739,2,1620.6995222820951
412,49,4,693.6317626604351
726,424,6,1909.0469642558473
726,564,7,1550.1134162433582
495,742,3,2799.831061287463
495,259,4,3480.9719851883065
842,858,4,699.0862311912216
842,794,5,1267.5394627115472
841,506,6,2019.9013141626724
841,753,7,1615.0781073244452
890,370,1,2253.6981735765394
890,131,1,1375.0536062634746
433,532,4,563.590898946542
433,486,5,1251.3460051179493
275,373,5,1892.7544520891092
275,325,3,603.7382600887507
90,201,7,2129.3849901530866
90,762,1,1638.7599349208303
728,727,3,215.11347691456194
728,859,2,689.6158106634765
850,205,4,2174.9998555452
850,967,2,1538.826934742895
909,883,5,1410.6861206421952
909,830,7,1981.0961110166552
421,701,3,481.96109199705916
421,893,7,1435.8631779705738
349,978,2,2004.7406254270336
349,221,5,975.921348538884
870,261,5,988.2686745305673
870,73,3,1832.9293773396762
579,363,4,2662.390551897742
579,980,2,2212.285771680079
859,340,2,1667.3561007156882
859,722,4,937.7997672194302
869,224,2,1860.0666903044876
869,964,6,2781.100121519201
310,296,2,712.1478398123503
310,285,2,3140.008285377042
898,135,6,2157.429691334178
898,542,7,2157.202876984176
878,94,6,653.5254891218011
878,679,6,2710.45507007178
747,155,5,1275.196585509458
747,160,4,2102.175459908191
253,518,5,1743.351511080619
253,484,1,2676.957132356317
899,837,5,2493.0188718511768
899,373,4,2425.141911455138
868,19,5,1891.396094025224
868,929,1,1887.8923265821693
882,335,6,2210.3286883190353
882,115,6,1510.905316062524
557,669,3,598.0708783428977
557,573,5,2057.5784547986273
832,326,5,1225.6498746894426
832,542,6,2916.0492904394923
2,233,1,2437.038940676992
2,787,2,3089.1906868731853
3,327,4,1309.7365790682052
3,248,4,2998.729611964703
338,937,7,2802.634836831076
338,767,6,496.6966330451312
566,41,3,1548.4218568052393
566,610,6,1996.3811857661428
435,667,4,1112.1660326916683
435,727,1,1741.7694018379136
301,311,3,1066.8079527810064
301,8,7,1729.678800596293
300,799,3,474.92947923925317
300,304,6,537.8273320229011
838,881,1,2800.691643602861
838,74,2,2520.7965267597174
867,682,7,1296.7972491980172
867,271,2,2689.605855014557
357,114,7,2638.290225963302
357,209,2,678.9081365799
375,429,1,217.08371582046698
375,126,3,1585.5110678338983
320,174,4,1884.7981710740532
320,870,3,1968.818094686728
405,406,2,311.4170347381921
405,63,5,340.25413023542706
861,796,2,1922.253283134254
861,427,5,2533.582120099705
358,103,5,2624.8516769404027
358,693,7,1923.3911469772297
395,96,1,1266.8622019212103
395,38,4,1419.8786542637463
826,35,3,1192.6679715364046
826,741,4,2175.9357926098546
847,152,4,2496.335127360956
847,813,6,2782.4517869875144
467,898,5,2005.7257821730486
467,276,7,1848.1036751836768
837,139,4,2605.8128055824327
837,208,4,1285.306356848906
568,288,4,2321.2812726468183
568,179,7,691.330925799246
836,361,7,1503.3878180113784
836,331,1,2104.8840242102037
493,967,1,2063.7524278949463
493,769,6,488.4137496923597
819,682,5,1395.5962372920785
819,224,7,1223.3741935823048
646,508,3,3187.9053007772486
646,90,2,1901.455046954509
498,836,3,763.9067161410309
498,138,4,3150.766494529006
858,892,5,2609.5541794912065
858,8,4,790.8055434666647
647,484,5,1354.01423278127
647,292,5,2493.7459317054218
905,581,1,1891.0020868189763
905,978,5,2211.1813640413193
808,99,5,1376.8355918589646
808,130,2,1456.3909690627445
244,317,3,2710.788570699665
244,318,5,2613.8316251610577
265,596,2,1621.293327081117
265,544,3,2492.6053381580004
567,609,2,1422.805381249282
567,838,1,1306.5503010892699
562,674,6,932.6561404651544
562,554,2,1270.4257631404978
561,208,2,1794.062337224151
561,140,7,1949.3104544967732
286,103,4,1121.1582871513501
286,889,7,953.2786331468333
370,11,5,1625.5302766063623
370,587,3,1569.814263835157
360,74,7,2625.6086367116395
360,795,7,2094.908888706219
20,376,5,928.0024405924089
20,841,3,1336.7370334027632
80,820,1,2893.0299414145256
80,255,6,1030.9491133884896
743,20,1,1728.8044302409953
743,598,1,2089.1245937146878
40,909,5,2190.729504091555
40,753,4,2211.3155123738293
907,569,5,1965.9201457919228
907,684,6,1593.891440868082
234,850,3,1648.197173353645
234,305,4,1788.2732587543912
294,800,4,493.44562384098685
294,577,1,1115.8241833983284
293,161,3,1698.5834706385742
293,111,6,1288.4607383459715
252,969,6,1625.6749882538547
252,77,3,1088.4535991471162
332,442,6,2437.640615205055
332,781,7,1161.866864802548
886,890,1,1406.3898411219047
886,607,3,1359.0287389837495
879,630,1,1065.9847658263352
879,10,3,1352.9227330977271
897,931,6,643.4113274732251
897,916,4,1275.1142011542836
261,9,4,550.0144011748143
261,511,7,1346.0968920971136
284,831,6,359.8538020918734
284,156,1,1959.445739924937
563,193,4,852.3973549798795
563,64,1,1356.6696064115545
877,139,1,2359.3740293522264
877,252,6,1532.4618354298505
55,175,7,581.5005912150336
55,211,5,2513.7554697871215
57,744,6,1782.5568972824342
57,428,5,982.5722691331716
241,919,7,515.2591699854772
241,299,5,1557.8341161801895
619,833,6,1408.8431089624555
619,397,3,1555.431778774424
15,313,6,1328.1469023662098
15,791,3,486.62155418003044
11,633,4,1861.6926543692473
11,134,5,848.8545363143189
38,598,4,1875.9761037849357
38,374,5,2490.893893467853
214,938,3,2461.8543780236796
214,647,2,882.5111020767905
47,84,5,1696.9970403130856
47,140,6,559.3925307158954
545,976,2,1942.7855975228983
545,979,7,1508.720334354066
36,39,2,730.3129413608497
36,640,6,2868.084766838785
372,345,6,2613.2880426591046
372,724,7,2031.7106906220758
17,363,7,1528.3480099481317
17,317,6,2947.6102430477167
58,810,1,1748.0802847086068
58,841,4,2599.184774488164
59,196,5,1182.2400668037699
59,952,6,1582.9092655706604
296,251,1,1385.3034626993342
296,780,2,921.4001289661711
56,140,4,878.5570378153623
56,415,4,347.2654168625629
9,484,6,3355.416238927276
9,289,7,424.0979681259905
78,82,3,140.42060518834523
78,355,1,1406.524197078775
760,757,3,112.15279743820838
760,10,7,1520.5436497789738
7,659,7,1853.3716137529768
7,477,3,2173.802878554298
77,66,1,997.56085441477
77,244,6,1733.4389164445718
813,873,1,1665.3123138384938
813,185,7,1386.7460017143014
701,556,6,1552.3362020175982
701,467,1,1797.1364605761187
833,253,7,2845.347027263462
833,826,6,456.2380383006964
39,904,7,1675.9700115042795
39,833,5,712.4920950357179
703,743,6,697.5147540399455
703,478,2,2710.0432175734554
721,538,1,1199.130728811997
721,485,4,567.4496216472096
233,799,2,1540.2785203746457
233,41,5,3058.811101520302
817,608,5,1147.2996363212162
817,900,5,1862.1076804428767
186,750,3,862.0717066617673
186,469,5,1340.7054864372165
177,960,6,1083.546299495515
177,187,7,456.71241406445256
413,738,5,1549.0448956534287
413,43,4,443.19768334587616
189,714,2,1225.4746584607078
189,705,4,374.6159729898843
164,745,3,1437.642401906615
164,566,2,1949.2913479147815
822,29,6,677.9446344091631
822,186,7,1381.7003260846896
176,748,1,941.4233134543289
176,147,1,743.9407469715446
167,178,2,483.5221699609708
167,974,2,2387.83730817472
823,374,4,2421.984462759002
823,954,1,1170.708682128365
196,417,3,397.9428062950117
196,659,6,1605.7570586185398
570,282,4,792.0518477293176
570,745,2,1619.4543449161013
16,112,2,1516.0071408951142
16,897,2,1450.920822723284
168,755,7,1887.1266864374138
168,604,2,1153.0875697743925
165,638,4,1618.1543180799672
165,947,5,1131.425287789663
312,528,1,650.1073494499157
312,214,5,2946.4055903674034
185,409,7,1348.7090704100938
185,161,5,2837.1020220457335
178,769,4,2295.4687216830016
178,481,3,2604.2920503768732
535,83,6,1458.887914293841
535,360,6,1572.4516211770406
718,782,3,1493.471103506497
718,686,3,2133.68249677089
738,232,4,2465.9561142329917
738,18,3,1567.1218446804746
840,910,7,2400.1720765012246
840,203,6,2843.1937937313924
800,344,1,1451.7166872972173
800,347,4,1460.4402604515537
705,152,2,2607.1152269959807
705,124,4,1296.2624767710922
821,551,5,1529.9980948135087
821,52,7,1984.396505004019
708,63,2,1199.0090539796204
708,158,5,1790.5116500219087
659,952,6,2756.3328762535043
659,723,3,1315.4913472660828
704,474,2,2772.3370809316857
704,63,6,1456.1769142186442
483,980,7,1795.2182583493966
483,272,6,2875.9356572967085
334,667,5,1359.0037404389918
334,93,3,2609.4124853787566
772,239,5,1122.5799494101873
772,339,6,1872.5451601024376
254,225,5,2456.8483830694586
254,343,4,1186.6788882052324
927,913,7,1348.0208684901518
927,40,4,1066.069401087
584,903,1,2201.7190323777136
584,873,6,2235.068813773579
251,790,2,1495.8946463843174
251,838,5,1980.101085715927
854,978,6,1071.6011257683522
854,29,3,2484.1223266880856
793,109,2,490.7399048350194
793,775,1,1365.0002504687893
918,787,4,1695.0599566862832
918,360,3,2587.8456892883714
831,328,7,921.5405229888445
831,934,2,1214.731045917617
843,221,1,1397.9120323988557
843,849,3,1094.222530378619
454,913,3,2019.859899581173
454,142,3,1304.5802797917015
978,860,5,2190.6620572861407
978,956,3,2612.1105821037863
977,567,7,334.3629831664621
977,436,4,988.9891224469646
471,491,5,731.7242030882703
471,959,5,2002.3523257991155
979,102,3,3110.9704564154536
979,280,7,2781.2105203109586
472,117,7,1687.407426614738
472,500,1,564.4707238199558
976,714,6,2055.1799931495834
976,741,4,1245.3684120513
678,785,6,1590.3959572523108
678,714,2,2023.2211881741885
667,353,6,1856.6991999461636
667,218,6,1918.1897944185807
975,335,3,1584.994094492369
975,704,5,1638.0540906627346
684,860,6,1449.7337843123069
684,52,4,2242.2326518842424
600,741,2,2111.1170060421177
600,411,5,936.6349286012143
666,207,4,230.06555030241225
666,496,4,668.448491839096
668,155,7,1425.9475745354612
668,372,4,1557.192459332674
677,575,3,2246.843790371695
677,543,1,1430.2291237865243
694,672,5,933.6482189414425
694,979,1,2082.7222627445353
696,362,1,2824.3222262035497
696,546,7,1330.3236757496377
427,656,6,1472.9180743078632
427,667,6,1218.4620241591838
699,320,7,1900.1330170739625
699,668,2,409.75240267165213
511,847,3,2893.665205583628
511,575,7,1012.7047925842038
809,567,6,2420.8767527490127
809,924,1,1416.3706639009697
502,655,1,1402.6413168092188
502,694,2,246.69091249616827
679,202,1,2223.1491069746826
679,334,7,1073.5702450872354
692,162,7,340.14306961806415
692,944,4,1334.22196664717
693,892,2,1888.521686734975
693,371,6,728.4160746906374
685,158,4,899.5749651576514
685,970,7,1001.3819648295963
674,896,6,2621.04048216758
674,209,4,2318.4024960580596
771,10,1,2069.4796202916627
771,883,2,796.5391078726345
770,772,1,128.36044636387555
770,921,3,2436.2439733248098
126,129,5,699.640864477449
126,552,3,2131.3598142738924
136,137,6,828.0329600138049
136,568,7,1587.4689077195908
157,877,3,1868.2433690811615
157,880,7,1749.6325749023101
149,505,6,1465.465743196892
149,698,6,594.6883962375571
148,104,2,1986.731220140122
148,317,2,1148.8730319497256
468,478,7,2184.9540803040163
468,641,6,2660.7111003767286
197,562,2,863.0311308819423
197,546,5,1490.6762698467505
119,133,7,568.997349376235
119,137,3,767.7021907468572
106,161,6,1854.3926978281593
106,470,1,750.3308655204636
129,150,5,1261.2304338365434
129,328,7,1181.2792779411398
101,16,6,1447.0772985075585
101,290,4,1795.2726662352904
156,48,2,1936.0763985630933
156,230,7,1368.4104137182378
592,686,6,1162.79692479153
592,910,6,2528.478945594917
137,97,2,1962.7053983649319
137,486,1,2125.2075834207185
911,402,3,1895.3503061400422
911,920,4,1752.841603270434
169,820,7,2302.0721317406815
169,499,6,2977.983510859675
582,910,4,2005.7327494646895
582,351,4,1080.8189983941622
188,489,7,1618.8884018421097
188,271,3,2284.0912108340062
323,704,1,2098.4835901779193
323,92,3,669.0226579984223
382,395,4,585.1268260046324
382,935,5,2321.349752120979
187,165,7,540.011021854064
187,374,7,932.1721182163384
484,261,6,3752.606776049573
484,429,4,2087.5743653101476
547,687,7,1566.818912577014
547,721,6,1098.2136657316853
719,559,4,1477.2973729425437
719,587,6,1240.2465553025609
688,752,5,2374.6878497516377
688,252,6,1926.1634403950102
419,679,5,1790.1427399528636
419,490,5,1067.0761728105122
343,108,5,1577.3179151315005
343,333,4,603.9284858800372
585,241,1,1529.568919433464
585,939,3,2541.6966629378203
512,583,2,629.0640425426261
512,680,3,2798.862151458894
554,659,1,812.2296842294242
554,701,1,1271.7044816575847
575,158,1,2700.7896773148127
575,886,5,1769.5426920852942
221,5,1,2049.473456769099
221,228,2,679.765220530639
208,768,3,1844.937990563375
208,872,5,2793.321868631398
803,209,4,257.34632610677136
803,748,2,1799.5909758177381
802,812,3,810.9148737466359
802,11,6,916.1195506428561
855,862,5,789.1721868662403
855,785,6,1567.575666703653
581,576,3,679.6499922873338
581,442,3,1112.0913467250605
906,87,5,2032.2755197561619
906,290,4,1099.6641372721247
856,861,6,2325.5621331366187
856,734,2,1367.621905270387
373,330,4,2277.682441498037
373,678,6,1814.9394516940397
48,176,5,910.9532597430223
48,83,6,1438.0260652729578
45,415,2,789.5343644493768
45,120,4,947.2878780389864
857,246,4,2962.055776090403
857,217,2,1452.4010631594706
792,898,7,2258.5305954185833
792,208,4,2333.7364759601155
777,250,1,1309.865531867347
777,780,7,739.1656790938019
396,289,7,1690.371936313243
396,772,1,1632.3649853364968
344,213,3,1114.0428176276214
344,921,3,2618.0992632311168
477,839,4,2107.9443159347406
477,492,7,2909.4532830177677
361,201,7,1560.7864555722365
361,475,7,1625.2282033093445
207,8,1,2176.2532049648607
207,218,1,2166.7779252747514
5,595,1,2128.083901752026
5,771,6,1533.0836563553082
829,809,7,1038.6464536769745
829,806,7,1009.8357499662042
394,285,4,2432.9171834104527
394,82,7,1660.0812799207274
235,666,3,2066.47789526767
235,473,5,2593.546461967826
849,794,5,542.2250207643795
849,297,1,1419.209157416048
887,88,7,1475.335825242724
887,103,6,1339.1721656615416
381,494,6,1372.5206195363417
381,379,5,159.9512386801623
827,625,6,1128.8080984877674
827,828,7,629.6013340304845
848,978,1,2259.1525375064025
848,348,7,1547.4155770052384
491,971,5,2688.390682043912
491,63,2,1615.2140288824157
397,335,6,2799.1568036305252
397,631,7,813.3745546013844
490,939,6,2577.1684431616936
490,551,4,1409.2837066203856
439,532,1,1206.6960021150728
439,421,5,904.07867295478
835,768,7,2336.4518043106755
835,869,7,1472.048634590849
574,238,4,1174.7324977012336
574,287,3,1782.0552285269316
576,868,2,1475.6384960791097
576,82,6,969.2539894024028
313,794,2,1091.941041188493
313,304,7,330.8896504969184
816,29,7,1190.6259539213422
816,370,4,2112.2382160073403
451,508,3,1237.6034095628381
451,494,7,1283.6484660436913
866,238,5,2502.4761929889373
866,723,6,1209.3494765013504
956,962,6,193.14992970921026
956,829,4,1164.0776182296029
951,958,7,303.251423181719
951,557,3,2767.140368833773
210,925,7,2059.236535315521
210,698,4,2800.9582477838403
536,360,1,1499.5003183294998
536,978,2,1730.7371360527784
393,285,5,2697.3890345578084
393,762,1,1882.9731949181096
598,43,3,1501.2158938310408
598,124,7,1188.627531282869
250,495,1,2419.3221861614356
250,687,3,1356.0826484160218
549,767,1,1467.6918223536077
549,556,3,935.7993711018921
555,732,7,1180.3692541928444
555,665,2,1328.700871568901
283,326,5,1308.1658262884011
283,834,5,865.1177919035873
774,337,6,566.5387790256825
774,291,2,1862.4789121575832
737,497,2,1576.6344584502503
737,979,6,2484.2061854586223
486,291,6,2878.1180034731
486,967,7,1974.0013349401922
489,924,7,2331.6578757215825
489,203,7,2164.0332721495543
775,688,4,1080.282271737406
775,969,7,368.5244210496196
892,351,3,2338.542088047984
892,819,5,2403.2459154372978
881,976,4,2870.239209671513
881,79,2,1396.33241575012
853,798,3,1034.507631883047
853,344,3,1234.467894256813
257,484,1,3717.176438494352
257,871,2,1075.8006277771551
860,859,1,306.93679519972443
860,796,2,2128.5504418593387
400,932,3,1376.3416393202706
400,454,7,1321.8539205821692
548,558,3,269.4926226120915
548,369,2,1717.3641643864476
308,302,6,690.0361313205577
308,228,5,917.6251775421925
788,115,4,1194.736142392192
788,304,1,986.6933993100639
894,524,5,2787.0215079119803
894,408,2,1241.3185233679055
99,873,3,869.9476440740499
99,876,2,890.5527474893524
97,324,1,1586.3194461034302
97,331,6,2210.6531140932157
280,442,3,2122.4044072753536
280,546,1,2684.7142485677114
98,254,3,2055.172623454549
98,766,3,993.0028335131162
786,339,6,1204.5673620905127
786,482,2,2127.884212409288
872,333,5,2380.0456776282726
872,265,2,1362.5635939805081
735,362,5,3100.3056331230364
735,331,3,2652.963795787464
203,938,4,1312.060382778942
203,747,7,620.8119101847018
893,58,3,1559.926663077837
893,980,7,1264.936361218215
787,71,5,1607.2033417678535
787,300,3,1060.0871856106965
302,309,1,241.1324992061368
302,523,5,759.583613164213
303,330,1,2295.796547092643
303,80,1,1264.4002305179636
873,178,1,2484.6705399983407
873,556,3,2824.3586220334982
125,363,7,2742.254308378984
125,748,7,1626.7322872858736
626,28,6,522.031869403063
626,41,7,742.8938308965104
127,671,6,843.961726257938
127,166,4,854.6569630228176
315,298,5,667.845654812438
315,355,4,1667.2632439374543
111,772,6,1001.7912930977307
111,521,2,867.8824889396838
871,757,1,1106.1282056816829
871,569,3,2111.150436834255
108,793,4,993.6897506036116
108,21,5,3049.0999434854257
532,436,7,1118.2783554424404
532,664,2,1477.4779268364905
67,98,3,943.2979695395624
67,10,6,1703.180695051691
85,797,7,829.0814292062204
85,9,1,2585.9817555692885
781,310,1,1221.221680966574
781,795,2,769.9622314318018
107,237,6,1539.8353547084662
107,339,3,1744.3344608856387
202,124,5,1988.7795907959257
202,254,3,2730.932813480922
122,328,2,1405.474697225403
122,368,4,1766.435595851362
102,619,4,1976.4970142533068
102,898,5,2178.2508516121075
891,931,7,1306.7934454580068
891,66,1,1513.6518196849047
124,186,7,1269.8747327919305
124,325,4,1840.0466928828318
86,340,6,2276.9394722275483
86,950,7,2116.915067604315
799,313,4,676.7067886773642
799,217,4,976.8365556810992
329,599,5,1768.4853886186152
329,3,2,1097.9520864391034
801,230,7,2181.525505193337
801,931,7,1327.048466743527
69,508,3,1033.7111695560952
69,918,2,877.6883822873631
307,305,2,203.9190871835092
307,239,3,2003.0605519858013
128,328,2,1509.4872091092639
128,464,2,1901.5418258149489
761,363,4,2539.002195622744
761,103,5,948.926457639853
104,210,1,2965.5915272100747
104,958,1,1631.2861164193632
569,636,5,459.6466805765192
569,323,4,1694.0188847285697
88,570,7,1323.1630952863125
88,830,3,1226.5103021396687
278,634,4,1486.0687137975965
278,699,7,1350.9636364656055
115,330,1,2390.8555681240937
115,268,4,2643.939797422813
732,589,7,1795.6221695005868
732,721,2,1263.0075171906815
763,826,5,2270.359593994964
763,387,6,1512.556891557974
744,207,7,1647.9408431179627
744,171,2,892.9994627558335
766,401,5,903.1418248738092
766,254,2,1506.4007380220626
229,785,3,1157.3187738725542
229,364,3,2873.670467646327
222,864,7,955.7970490907694
222,513,7,1769.2620590986414
875,341,3,1917.6827400446273
875,73,6,1141.4446944574142
795,231,4,2144.292025104679
795,584,4,1310.341133327408
797,337,7,1241.1601122086347
797,909,5,1922.021558469713
727,856,1,1276.0883735675857
727,701,6,2033.787885988499
526,527,5,370.1603673485213
526,291,3,1939.9504060203176
423,202,5,2194.5485535566963
423,964,3,2324.9136994760183
420,139,4,1667.470471766624
420,820,4,1876.2794366295645
401,317,7,1561.445169612354
401,21,7,2200.9133899181234
725,665,6,1631.2726733319025
725,356,3,2503.760058614016
776,938,6,3006.2152869294505
776,74,6,1722.6754634234169
765,636,4,2303.7547346980173
765,88,1,1295.3345994720883
968,205,5,1531.068680177662
968,364,4,2050.461675864299
949,149,6,959.2765427793131
949,961,6,722.5331590426821
609,921,3,709.7375944242274
609,137,6,1126.826190622447
969,229,7,1070.8276579036728
969,265,5,3610.2004237947735
541,174,3,2166.2960559836165
541,702,4,1082.0465035114084
348,495,7,1723.733350039269
348,239,2,948.8084700760832
418,702,7,537.9463024654838
418,556,5,1490.2935859327317
785,969,6,699.0167606137887
785,5,1,1755.1899230805554
778,511,4,1655.2702520275661
778,864,1,1897.6143124897042
446,101,7,1137.397666302978
446,637,3,2114.838084251771
130,413,3,880.9686026712067
130,425,7,1205.141594751487
131,964,1,1122.9960666143365
131,499,2,3265.291237020462
754,675,4,2790.315590913101
754,925,5,1284.3417257179922
525,903,5,3172.1199378927877
525,316,4,164.48029270015718
559,928,5,2707.0925029922428
559,167,6,2098.741311846019
588,662,1,915.0508658450711
588,375,3,1680.0372108414722
958,543,1,2932.134071297859
958,820,5,2938.6861695909047
967,768,6,2111.790137264078
967,770,3,1689.7408872901349
957,738,4,1359.2165383634433
957,169,3,935.2965259199456
642,645,3,39.12419481229176
642,28,7,1050.9660503030254
965,166,5,1028.46940148688
965,752,2,1433.3360227711155
83,935,1,2295.574890199872
83,912,3,2283.4630026629957
680,927,5,3090.0633123233665
680,292,5,2275.8560487337336
938,900,6,909.1132958468362
938,452,7,1544.133976229164
966,838,4,895.1301358942029
966,972,5,684.7187696356724
755,142,1,2272.935160417938
755,215,4,1737.8374941198008
621,277,3,908.76940248733
621,277,6,860.7864424265099
46,939,6,2475.3083941849995
46,977,5,2457.956944788166
204,273,5,2128.6268672883625
204,281,3,2347.049048271324
499,488,6,1855.2165394375645
499,470,3,2930.3742644512904
297,299,7,320.36553154168155
297,840,3,2169.1885864276064
596,358,1,3129.234384053215
596,495,2,3375.9478849454013
620,950,3,1412.4623807777725
620,14,5,1200.5208428104038
89,292,1,2153.7771959408105
89,90,2,464.3125721552831
815,631,3,1445.1099376795632
815,556,6,2747.3338623718096
145,908,4,2097.518933199125
145,96,1,1185.6401663707854
812,892,3,2606.875501940447
812,172,7,1426.5825048738025
161,437,2,1918.9260845248152
161,244,7,822.7319065556956
171,146,7,1168.8503296027884
171,797,5,2003.1791645557041
724,338,4,1482.7368265381012
724,863,3,901.0944834286377
487,213,7,1538.3045224034715
487,861,2,2595.6263378217395
172,360,3,2367.6624201965265
172,692,1,337.9001096959644
465,164,5,1854.0400424281038
465,211,3,1739.1152342231476
160,289,2,2561.1338463895736
160,415,3,2068.227051811462
580,640,2,3008.3311802116395
580,109,2,489.636008348838
463,448,7,995.1460352798621
463,452,1,1068.4271199898067
518,461,2,1360.7810369229005
518,766,6,1450.312295393414
652,3,6,1115.293296841793
652,649,1,609.604470623572
653,932,4,1308.655395550974
653,889,3,1113.4287028353085
660,517,4,2678.6230558716798
660,663,4,279.14344293029694
81,21,2,2871.907993341553
81,758,4,1267.2523655109649
661,499,5,1035.0500177691692
661,735,7,1533.2180236714714
460,457,2,344.2893409662156
460,461,7,350.71989492881335
494,51,7,2724.3712660307147
494,920,2,1690.0732163405312
140,722,1,2763.137018570249
140,855,6,2468.8828989402864
144,445,1,969.3928918978495
144,754,6,2581.2086963496986
220,847,1,2012.1626559040085
220,861,3,2576.152529691334
962,233,6,3010.46253117752
962,812,1,622.6330734621981
863,209,4,2216.7684263507795
863,208,3,2043.5687662182575
862,342,7,1115.0521889831252
862,206,4,2045.7345814291896
864,225,3,1111.4355033340858
864,848,7,679.7593089143364
84,674,5,1953.6446046888707
84,596,1,2257.652069939967
880,901,1,1307.7770948051334
880,949,6,2454.2224470863794
874,964,2,1700.242988925171
874,508,5,2121.4545920884525
1,806,3,391.56263313362183
1,26,4,876.5454866898739
509,459,7,1016.3884361252568
509,252,7,1278.1389080958616
399,75,4,594.6855541008476
399,914,2,1737.4970703250062
62,979,2,1929.3795779136365
62,146,3,1511.0425180572038
650,270,6,1410.3188144377934
650,10,7,1261.0933586222432
622,613,4,519.5831123388607
622,755,3,2825.6410420835614
34,938,6,1352.2699625848052
34,939,1,1578.23486562715
330,982,2,531.3641944441435
330,99,1,2223.66893986544
262,931,3,1100.8240974154364
262,365,2,2684.110064829872
316,256,5,1421.4875503659407
316,585,5,1300.4096282676255
181,154,7,1133.1776268517392
181,473,7,1459.8430420593697
72,245,3,2108.929726436042
72,364,3,3026.3264401331367
782,784,2,2187.2814777385015
782,156,1,2329.550438032912
794,669,5,2009.5044185283778
794,335,6,1634.1818670045516
663,535,2,1113.822246300184
663,719,1,1014.3740824566971
146,326,6,1118.0868695103015
146,752,7,1008.3118853507933
665,664,2,167.02033134860585
665,441,5,728.661102983641
953,517,5,2329.5692347907043
953,125,1,979.5238725926068
114,976,3,3201.935153022823
114,482,7,2870.8618741038663
973,774,6,178.26761110403527
973,369,6,2610.132818087558
603,465,3,2143.1874335775574
603,952,7,1165.1883008283676
959,894,5,823.4962153852097
959,22,1,1343.2596269216092
105,918,7,1086.434010907301
105,630,7,776.9796115589331
151,891,4,1713.3646656339297
151,632,2,1724.550889554404
974,695,7,1779.357613370418
974,416,4,1262.2012027035553
970,551,1,2525.9312340930283
970,747,6,2762.0013930624496
422,741,5,1948.7446233254302
422,535,6,663.683452778389
884,511,1,1598.3523252703105
884,796,7,1982.2826064118483
35,321,2,1755.704125050138
35,31,6,114.91926397363932
110,5,5,1814.1457069108744
110,331,4,2099.593270935103
37,370,6,2065.514868605206
37,958,1,990.0854188493153
298,968,5,1467.0203955455952
298,363,6,2623.4158526778806
944,119,4,861.154428591972
944,118,2,529.9470703944423
123,148,3,1543.3852968791123
123,744,4,1733.4237008093235
971,19,3,1927.946172400942
971,224,4,1226.768983046729
133,703,1,1298.6825037845615
133,501,1,2096.499840217956
851,251,6,2134.782462876
851,860,5,797.7534824590565
606,491,5,2434.016224039634
606,359,2,3090.840834413235
601,599,6,606.0276311936238
601,435,4,2305.6093449943064
741,366,5,1233.7760078559181
741,50,2,1669.2949573247438
883,365,5,2451.368832931537
883,318,5,1627.7632911818478
805,751,4,2026.3747384936955
805,942,2,1547.7734240354307
804,26,3,1032.0816619369966
804,830,2,410.83749844395334
796,932,7,2901.9095891771913
796,788,6,295.87332588749246
824,133,6,1388.4934602901053
824,951,4,1011.0363209155802
784,688,2,1375.4490313512058
784,689,1,1559.9048815005292
844,971,4,1521.5829162769066
844,858,6,498.2438660792516
717,563,5,761.9173271643045
717,495,5,1413.3281585729678
716,560,5,1525.0465284370132
716,662,6,915.7118354396254
920,130,4,1825.4186666509886
920,169,3,1827.272949552812
411,48,6,569.1647262441059
411,61,7,973.2194891657239
448,6,3,1933.3517224094373
448,638,5,2717.5935939885226
697,327,5,1095.2528775499313
697,269,1,1564.3174693631856
378,257,4,1805.6913898892287
378,365,7,3093.079718295684
645,621,5,579.5146277943848
645,566,5,910.0474756247866
488,36,1,2343.0712005301293
488,221,3,2370.724528308201
664,675,7,1352.4927972840394
664,375,3,1183.0221797455106
116,611,3,1740.866160554095
116,409,1,1348.2083885362981
745,472,5,235.16319362661966
745,977,4,1342.2670771545231
695,675,7,1207.470651645981
695,418,6,440.8633622391703
118,121,5,667.9076021024757
118,183,6,1270.115411485418
691,977,6,1850.3833359662283
691,679,1,1919.996089495538
212,635,5,2542.4236404809035
212,20,7,927.3242457044341
945,744,5,2152.3440885339187
945,180,6,1517.2953998293833
885,906,7,1096.753846002675
885,108,3,1290.9069627622885
163,181,7,655.3103620563321
163,833,5,1320.5611621893345
27,890,6,1309.2414045272271
27,891,2,1443.3479405418384
96,803,3,2687.9746725280447
96,481,4,3245.301035029786
392,396,4,149.1330326965135
392,397,6,102.31744452943667
391,291,6,1900.4199576984902
391,393,4,75.4101963078856
28,328,6,1352.3683227433141
28,29,4,182.97038858895235
623,37,3,1271.9785056606588
623,622,6,244.42521730064368
565,659,3,671.892904381141
565,567,5,2213.980529291227
595,857,4,1292.4802248261553
595,371,3,1663.251435122958
29,933,3,1599.6077361113812
29,641,3,1347.6178515250865
613,644,2,774.2312363253012
613,623,1,509.89764324932094
281,134,1,1186.2525583063368
281,267,6,1144.7356763986577
641,476,6,3905.2942602732387
641,277,2,1338.5994373970912
670,493,3,1600.6282130593763
670,606,4,1214.6310836149323
707,137,5,2173.258291436108
707,490,6,1578.3677019934723
615,25,2,934.2790176346522
615,614,3,616.3606803925965
630,936,5,1993.865027338606
630,628,5,236.07416048939285
191,56,7,867.4718777865374
191,533,2,1342.5768724212608
194,659,4,1759.4475784447575
194,49,4,501.2488773608786
604,271,7,1862.387250471029
604,164,4,1349.425663100878
896,818,3,956.3157414398897
896,959,1,444.52060402836787
654,949,1,1706.9760367046238
654,283,1,1044.8841861150954
417,674,5,1492.8595803760247
417,204,5,2324.7945972766265
182,133,2,876.8113081160478
182,53,7,1193.2319780836835
611,132,4,1908.212745634767
611,951,3,1449.8649584198051
709,323,1,1461.4033862253543
709,29,2,991.4333918029498
175,356,6,1411.7505443066398
175,171,5,142.8072236419291
443,395,2,1001.2473313363303
443,98,7,1218.2339710092647
166,671,2,572.7574610520896
166,704,1,817.9586648193884
150,958,2,799.9242787757521
150,941,7,1357.696339492587
279,130,6,1115.8313932321398
279,891,7,1260.997961475925
806,185,3,1611.7251139311884
806,882,7,1572.9351529196513
571,936,2,1212.2920493215097
571,137,4,1282.547225551367
846,966,2,1565.0090089124262
846,481,6,1290.1078879577312
807,266,2,628.1181367706337
807,753,1,2060.5830217680723
13,829,4,791.6235972473621
13,622,7,842.6765639758172
447,394,7,1091.8965165782652
447,914,3,1967.0828277616724
572,792,7,2467.7440571582106
572,975,2,1143.2188668699623
306,786,7,808.9475534467805
306,690,4,1970.5803329014652
955,1,6,1074.8464254039877
955,812,7,1079.2027982956404
594,415,5,2389.4222244432203
594,552,5,1079.28675065216
33,231,3,2546.0002197579247
33,869,7,2519.065002169506
12,937,5,2084.2844364926036
12,136,7,1669.5046546237922
31,322,3,1907.2572583346623
31,10,4,1186.3507583699877
818,154,4,1543.2477652832029
818,372,3,1989.5892691673562
828,930,4,1833.4040877970697
828,826,7,299.40883189927445
350,327,4,3068.6896678615176
350,867,7,970.4881288336818
30,923,3,1478.2999961232883
30,896,4,1351.473588912944
730,7,2,1199.1680123124931
730,680,2,1906.671476819132
764,528,6,2124.91719885494
764,934,3,1576.3667495530747
351,852,1,1687.84929808712
351,976,1,1965.8112579305284
346,336,1,797.8316564801341
346,857,1,1582.1051967874994
616,600,4,1906.424989039319
616,167,1,1873.5052184757415
389,384,5,859.6500943517179
389,902,6,1987.2958593698777
810,816,6,573.6249015906292
810,814,7,296.3550572900499
649,614,6,1033.8018010109367
649,265,7,1245.0124744734426
888,415,5,2153.7478533673234
888,14,5,1033.099573408945
117,45,1,375.90499714474413
117,131,2,728.5625812538005
24,38,6,900.208318428384
24,651,4,405.14639000821785
25,626,6,317.97102742584707
25,802,1,934.6466346736861
531,114,4,1498.0482112717884
531,507,1,1242.939846276788
669,168,3,2365.1733842148437
669,248,5,2279.401511248096
658,51,1,2371.382634512312
658,726,1,1204.3995045579402
698,556,7,2216.7614977678004
698,752,2,1394.0852949530495
689,69,2,2029.0484396127129
689,585,3,1962.7990423046256
617,642,2,879.2557292312131
617,614,7,399.93267452566215
508,287,2,2578.5279218684063
508,442,6,1328.4807801144764
825,610,4,1720.6479579650734
825,269,4,1267.8127291870317
452,142,5,1324.043988634558
452,96,5,1915.1546494364538
453,446,4,687.6005017613057
453,514,6,1686.116736801739
190,50,2,964.8170272921093
190,707,4,408.0494270580109
710,474,7,1412.2442697077838
710,208,5,2343.9842241820775
457,878,2,1860.7812493031106
457,68,6,879.2017771068267
449,257,6,1379.951137242958
449,66,7,898.1378735591439
960,51,4,1573.9671284545311
960,364,3,2662.3600193666975
466,156,5,1361.892423546045
466,467,7,628.8102505273276
455,773,7,1120.297262186241
455,99,4,1695.6021930183165
352,7,4,1859.5289810398594
352,287,4,1762.2128689357562
687,851,1,1362.6491825394532
687,918,6,2022.5426892305009
272,517,6,2492.979849111297
272,894,5,70.89505965068929
440,134,5,2045.4982528739522
440,489,1,730.7080872083617
345,493,2,2181.400026508879
345,473,2,2354.395246334211
736,559,3,1944.7056665495231
736,435,7,2263.0443818635144
714,537,6,963.2333103089768
714,838,6,2072.790257936873
65,590,2,1225.7598289298294
65,741,3,1265.8600776693158
68,506,1,1407.0034679786017
68,131,7,2838.50269540511
75,88,2,1498.7096820703666
75,940,6,2259.162931270462
87,323,4,1805.0709986621277
87,879,6,1432.493050978798
734,647,3,1852.3237216704038
734,849,1,1821.463684787437
590,433,2,1222.503059370954
590,210,1,1390.5997065031606
82,771,2,563.3415372710974
82,240,7,1632.6409191486548
942,318,7,1006.8066389124727
942,755,7,1827.6127723341608
593,681,1,1721.7866610733602
593,821,4,1947.836315417513
445,507,2,869.6821908969462
445,507,5,828.3374057141626
591,356,2,2166.449548606317
591,843,4,1157.8671938553732
199,556,5,1814.7664209607756
199,820,3,2474.501464984586
618,950,7,1429.262906998045
618,768,7,2414.3366928384667
170,330,5,2728.066774143767
170,742,6,896.2240673576813
193,656,1,1394.643847663785
193,673,2,994.7592999412049
192,49,5,587.7224731606475
192,475,3,1893.252783478079
462,508,7,1538.2059474711934
462,78,7,1459.2156510969717
32,573,5,2465.8996148456836
32,264,4,1044.4980035392837
628,395,1,1095.2582907432666
628,327,7,1707.888234022295
228,784,4,1038.8468543102526
228,214,5,2472.6392225164623
602,569,4,2111.857777222729
602,633,2,1971.1969919436906
529,109,6,1250.776741537069
529,309,2,890.6566716239452
713,196,2,1185.6456750137838
713,499,4,1723.1397920696916
456,100,5,1708.2045345093613
456,81,5,1075.5073404273287
865,158,1,2159.0375679847207
865,481,2,1707.2375073274945
852,157,6,3760.387826776743
852,360,3,2442.1707687092007
631,762,6,1997.1276868406926
631,894,5,1676.4088676758904
648,932,6,1750.458763404774
648,641,1,912.6979963089341
560,705,4,1677.6099540698397
560,249,7,2854.8058132393235
516,789,7,1549.3248980096037
516,312,3,779.7199357667374
811,941,3,1225.9101049538156
811,768,5,2113.233794256488
277,599,5,1809.7389605714598
277,608,3,1499.4852831116796
274,832,3,700.9079129801374
274,813,1,1110.0712715036689
972,161,1,636.9378324861383
972,341,7,478.3471329647298
305,529,6,1177.7872925120882
305,311,5,755.1212058788966
324,92,4,1474.495106597447
324,156,2,1474.5994812454846
380,756,6,1697.9154366143307
380,886,3,1710.7204363438868
314,330,6,2560.980914099494
314,778,6,1364.9301971712175
0,664,7,1331.6900200522437
0,204,7,2548.7042575410346
947,949,1,297.5374121912239
947,180,6,1244.1755243872421
656,723,3,1463.096996619016
656,360,2,2047.2948258155366
143,242,6,2204.4860926575516
143,388,4,586.4278677938428
8,483,6,1841.1133082992808
8,853,7,918.4171067519095
113,795,3,1244.5926446502149
113,899,1,2639.034047611341
715,700,5,96.30455099441701
715,199,4,462.9723065319172
112,327,1,2780.8950149604657
112,337,3,2513.850131176295
384,379,5,324.4850986918934
384,399,5,427.1874848695604
895,92,2,1763.1067281545327
895,374,6,2106.0556849734303
963,747,3,2043.2966315100307
963,39,7,1296.1219669822754
946,896,5,273.06765270252595
946,949,2,472.12903679072747
388,75,7,909.7594524862222
388,873,4,1657.6636682589074
390,912,3,2627.938421417166
390,914,7,1993.5462775482729
706,974,4,2013.6889697710512
706,502,3,1160.373084229653
521,107,5,884.8409944165995
521,76,7,1089.703867425619
386,403,4,1035.1045392217316
386,913,6,2149.6924802431804
385,879,1,1368.7654044797391
385,96,6,1374.8048231058615
834,32,6,440.4930160131273
834,279,1,761.2999036520794
527,238,3,2592.098957667577
527,253,6,1789.7680624052698
614,139,6,1719.4162563947375
614,625,7,694.44126827507
948,22,3,1155.9673683254703
948,202,6,1929.138423291174
503,665,4,1790.2457322018836
503,702,2,419.5152788593523
607,94,5,1434.7634606927586
607,905,2,2188.6448441614384
522,450,5,1090.636223520984
522,512,5,1107.7235461304372
198,208,1,1871.8737027278735
198,191,2,646.4376973644361
387,607,5,638.03908916822
387,932,6,1768.4438042444401
651,650,7,164.46615278871923
651,2,4,1521.1944439959561
612,328,5,1780.5697284274586
612,317,5,1935.119400322954
676,672,1,743.1797905491491
676,485,6,720.2978095554312
402,79,3,435.7632012475294
402,396,4,471.70937542322736
461,391,6,1504.4017054877252
461,402,4,1078.8023024807385
263,364,1,2348.5644042706535
263,827,1,954.2310380775822
398,73,5,1184.72983696228
398,494,5,875.9114157035482
459,494,4,1580.4314031068272
459,97,3,1627.6012337363861
383,105,5,1095.9368966455959
383,388,5,624.7508276541056
814,329,3,616.2417414998678
814,802,2,580.910270080263
712,718,4,741.8092606968827
712,435,7,1633.4958200303706
200,356,1,2365.688590804719
200,716,3,417.49563965957555
657,549,5,1053.8265532770022
657,541,1,603.0106033298239
